bolometer 5kOm sample 2.0,bolometer 5kOm sample 2.0,
7494.9225254059,4.535939E-4,
7491.0651283264,4.539303E-4,
7487.2077312469,4.625546E-4,
7483.3503341675,4.645605E-4,
7479.492937088,4.719015E-4,
7475.6355400085,4.802709E-4,
7471.7781429291,4.813552E-4,
7467.9207458496,5.052894E-4,
7464.0633487701,4.908158E-4,
7460.2059516907,4.11092E-4,
7456.3485546112,4.079061E-4,
7452.4911575317,5.276558E-4,
7448.6337604523,6.452271E-4,
7444.7763633728,6.921693E-4,
7440.9189662933,7.18797E-4,
7437.0615692139,7.20081E-4,
7433.2041721344,6.253657E-4,
7429.3467750549,5.125385E-4,
7425.4893779755,4.964091E-4,
7421.631980896,5.17768E-4,
7417.7745838165,5.211377E-4,
7413.9171867371,5.372859E-4,
7410.0597896576,5.516794E-4,
7406.2023925781,5.477241E-4,
7402.3449954987,5.483131E-4,
7398.4875984192,5.486369E-4,
7394.6302013397,5.31916E-4,
7390.7728042603,5.098052E-4,
7386.9154071808,5.011674E-4,
7383.0580101013,5.120378E-4,
7379.2006130219,5.342625E-4,
7375.3432159424,5.492663E-4,
7371.4858188629,5.505905E-4,
7367.6284217834,5.471979E-4,
7363.771024704,5.453005E-4,
7359.9136276245,5.509097E-4,
7356.056230545,5.65126E-4,
7352.1988334656,5.789552E-4,
7348.3414363861,5.872094E-4,
7344.4840393066,5.950691E-4,
7340.6266422272,5.992404E-4,
7336.7692451477,5.847898E-4,
7332.9118480682,5.569202E-4,
7329.0544509888,5.313014E-4,
7325.1970539093,5.145457E-4,
7321.3396568298,5.100115E-4,
7317.4822597504,5.158616E-4,
7313.6248626709,5.364423E-4,
7309.7674655914,5.677323E-4,
7305.910068512,5.864666E-4,
7302.0526714325,5.900041E-4,
7298.195274353,5.947954E-4,
7294.3378772736,5.968585E-4,
7290.4804801941,5.837096E-4,
7286.6230831146,5.679147E-4,
7282.7656860352,5.706258E-4,
7278.9082889557,5.908639E-4,
7275.0508918762,6.106314E-4,
7271.1934947968,6.124125E-4,
7267.3360977173,5.946534E-4,
7263.4787006378,5.801218E-4,
7259.6213035583,5.87619E-4,
7255.7639064789,6.025084E-4,
7251.9065093994,6.031587E-4,
7248.0491123199,5.944105E-4,
7244.1917152405,5.976193E-4,
7240.334318161,6.146903E-4,
7236.4769210815,6.20101E-4,
7232.6195240021,6.072131E-4,
7228.7621269226,6.055033E-4,
7224.9047298431,6.247576E-4,
7221.0473327637,6.398333E-4,
7217.1899356842,6.44723E-4,
7213.3325386047,6.478813E-4,
7209.4751415253,6.43705E-4,
7205.6177444458,6.362685E-4,
7201.7603473663,6.360491E-4,
7197.9029502869,6.390103E-4,
7194.0455532074,6.332999E-4,
7190.1881561279,6.19476E-4,
7186.3307590485,6.159942E-4,
7182.473361969,6.282E-4,
7178.6159648895,6.438775E-4,
7174.7585678101,6.568555E-4,
7170.9011707306,6.612719E-4,
7167.0437736511,6.527904E-4,
7163.1863765717,6.378363E-4,
7159.3289794922,6.276979E-4,
7155.4715824127,6.314965E-4,
7151.6141853333,6.410113E-4,
7147.7567882538,6.50998E-4,
7143.8993911743,6.71086E-4,
7140.0419940948,6.850391E-4,
7136.1845970154,6.832978E-4,
7132.3271999359,6.851326E-4,
7128.4698028564,6.857995E-4,
7124.612405777,6.798209E-4,
7120.7550086975,6.811356E-4,
7116.897611618,6.88517E-4,
7113.0402145386,6.983578E-4,
7109.1828174591,7.132669E-4,
7105.3254203796,7.195252E-4,
7101.4680233002,7.099191E-4,
7097.6106262207,7.07193E-4,
7093.7532291412,7.149681E-4,
7089.8958320618,7.1253E-4,
7086.0384349823,7.068556E-4,
7082.1810379028,7.011111E-4,
7078.3236408234,6.848822E-4,
7074.4662437439,6.834341E-4,
7070.6088466644,7.083535E-4,
7066.751449585,7.274348E-4,
7062.8940525055,7.281116E-4,
7059.036655426,7.206008E-4,
7055.1792583466,7.145023E-4,
7051.3218612671,7.215103E-4,
7047.4644641876,7.387105E-4,
7043.6070671082,7.525833E-4,
7039.7496700287,7.551557E-4,
7035.8922729492,7.436417E-4,
7032.0348758698,7.361696E-4,
7028.1774787903,7.513299E-4,
7024.3200817108,7.662686E-4,
7020.4626846313,7.514764E-4,
7016.6052875519,7.218383E-4,
7012.7478904724,7.246516E-4,
7008.8904933929,7.706119E-4,
7005.0330963135,8.093075E-4,
7001.175699234,8.123502E-4,
6997.3183021545,7.961116E-4,
6993.4609050751,7.63354E-4,
6989.6035079956,7.228703E-4,
6985.7461109161,7.144734E-4,
6981.8887138367,7.404654E-4,
6978.0313167572,7.56003E-4,
6974.1739196777,7.594152E-4,
6970.3165225983,7.792522E-4,
6966.4591255188,8.050489E-4,
6962.6017284393,8.159622E-4,
6958.7443313599,8.165821E-4,
6954.8869342804,8.190456E-4,
6951.0295372009,8.278154E-4,
6947.1721401215,8.538929E-4,
6943.314743042,8.907859E-4,
6939.4573459625,8.938263E-4,
6935.5999488831,8.590171E-4,
6931.7425518036,8.32978E-4,
6927.8851547241,8.267503E-4,
6924.0277576447,8.193012E-4,
6920.1703605652,8.184604E-4,
6916.3129634857,8.516369E-4,
6912.4555664063,8.899259E-4,
6908.5981693268,8.784863E-4,
6904.7407722473,8.433722E-4,
6900.8833751678,8.40888E-4,
6897.0259780884,8.680274E-4,
6893.1685810089,8.88511E-4,
6889.3111839294,8.806982E-4,
6885.45378685,8.567265E-4,
6881.5963897705,8.397311E-4,
6877.738992691,8.373578E-4,
6873.8815956116,8.4585E-4,
6870.0241985321,8.55665E-4,
6866.1668014526,8.6242E-4,
6862.3094043732,8.746667E-4,
6858.4520072937,9.027463E-4,
6854.5946102142,9.327952E-4,
6850.7372131348,9.346728E-4,
6846.8798160553,9.147353E-4,
6843.0224189758,9.055696E-4,
6839.1650218964,9.131413E-4,
6835.3076248169,9.249871E-4,
6831.4502277374,9.299023E-4,
6827.592830658,9.175186E-4,
6823.7354335785,9.014363E-4,
6819.878036499,9.075243E-4,
6816.0206394196,9.216143E-4,
6812.1632423401,9.235929E-4,
6808.3058452606,9.22823E-4,
6804.4484481812,9.208848E-4,
6800.5910511017,9.266484E-4,
6796.7336540222,9.461443E-4,
6792.8762569427,9.525616E-4,
6789.0188598633,9.435161E-4,
6785.1614627838,9.436572E-4,
6781.3040657043,9.539987E-4,
6777.4466686249,9.597912E-4,
6773.5892715454,9.504954E-4,
6769.7318744659,9.358247E-4,
6765.8744773865,9.401224E-4,
6762.017080307,9.559762E-4,
6758.1596832275,9.614518E-4,
6754.3022861481,9.61123E-4,
6750.4448890686,9.551435E-4,
6746.5874919891,9.438824E-4,
6742.7300949097,9.430835E-4,
6738.8726978302,9.578539E-4,
6735.0153007507,9.83525E-4,
6731.1579036713,0.0010090112,
6727.3005065918,0.0010174597,
6723.4431095123,0.0010067229,
6719.5857124329,0.0010007534,
6715.7283153534,0.001010205,
6711.8709182739,0.0010207009,
6708.0135211945,0.0010297741,
6704.156124115,0.0010324211,
6700.2987270355,0.0010200584,
6696.4413299561,0.0010033238,
6692.5839328766,9.94083E-4,
6688.7265357971,9.882939E-4,
6684.8691387177,9.825042E-4,
6681.0117416382,9.832726E-4,
6677.1543445587,9.91711E-4,
6673.2969474792,0.0010125048,
6669.4395503998,0.0010467749,
6665.5821533203,0.0010710461,
6661.7247562408,0.0010703161,
6657.8673591614,0.0010703816,
6654.0099620819,0.0010886092,
6650.1525650024,0.0010950326,
6646.295167923,0.0010806827,
6642.4377708435,0.001071172,
6638.580373764,0.0010678084,
6634.7229766846,0.0010666786,
6630.8655796051,0.0010820429,
6627.0081825256,0.0011070606,
6623.1507854462,0.0011177156,
6619.2933883667,0.0011164442,
6615.4359912872,0.0011169303,
6611.5785942078,0.001121834,
6607.7211971283,0.0011260945,
6603.8638000488,0.0011275099,
6600.0064029694,0.0011311175,
6596.1490058899,0.0011404627,
6592.2916088104,0.0011537698,
6588.434211731,0.0011586766,
6584.5768146515,0.0011557005,
6580.719417572,0.0011553634,
6576.8620204926,0.0011548323,
6573.0046234131,0.0011472986,
6569.1472263336,0.0011371593,
6565.2898292542,0.0011429985,
6561.4324321747,0.0011610084,
6557.5750350952,0.0011748415,
6553.7176380157,0.0011860643,
6549.8602409363,0.0011965337,
6546.0028438568,0.0011955873,
6542.1454467773,0.001187617,
6538.2880496979,0.0011952773,
6534.4306526184,0.0012079668,
6530.5732555389,0.0012119178,
6526.7158584595,0.0012061941,
6522.85846138,0.0011951739,
6519.0010643005,0.0011948227,
6515.1436672211,0.0012051093,
6511.2862701416,0.0012184443,
6507.4288730621,0.0012141867,
6503.5714759827,0.0011951213,
6499.7140789032,0.0011783252,
6495.8566818237,0.0011846541,
6491.9992847443,0.0012114362,
6488.1418876648,0.001223279,
6484.2844905853,0.001257752,
6480.4270935059,0.0012494577,
6476.5696964264,0.0012157778,
6472.7122993469,0.0013198463,
6468.8549022675,0.0012877868,
6464.997505188,0.0010526825,
6461.1401081085,0.0011996969,
6457.2827110291,0.001767202,
6453.4253139496,0.0021610716,
6449.5679168701,0.0021676905,
6445.7105197906,0.0019433959,
6441.8531227112,0.0016668129,
6437.9957256317,0.0014920793,
6434.1383285522,0.0013839577,
6430.2809314728,0.001287728,
6426.4235343933,0.001274909,
6422.5661373138,0.0013129737,
6418.7087402344,0.0013268774,
6414.8513431549,0.0013110167,
6410.9939460754,0.0012956052,
6407.136548996,0.0013089039,
6403.2791519165,0.0013316744,
6399.421754837,0.0013412473,
6395.5643577576,0.001338132,
6391.7069606781,0.0013390327,
6387.8495635986,0.001345726,
6383.9921665192,0.0013563391,
6380.1347694397,0.0013765821,
6376.2773723602,0.0013846273,
6372.4199752808,0.0013713149,
6368.5625782013,0.0013590682,
6364.7051811218,0.0013688515,
6360.8477840424,0.0013862664,
6356.9903869629,0.0013833693,
6353.1329898834,0.0013681201,
6349.275592804,0.0013678735,
6345.4181957245,0.001394459,
6341.560798645,0.0014285761,
6337.7034015656,0.0014420648,
6333.8460044861,0.0014285224,
6329.9886074066,0.0014127976,
6326.1312103271,0.0014151743,
6322.2738132477,0.0014256029,
6318.4164161682,0.0014328429,
6314.5590190887,0.0014314824,
6310.7016220093,0.001430311,
6306.8442249298,0.0014355716,
6302.9868278503,0.0014406488,
6299.1294307709,0.0014572182,
6295.2720336914,0.0014767196,
6291.4146366119,0.0014745917,
6287.5572395325,0.0014761493,
6283.699842453,0.0015010338,
6279.8424453735,0.0015239425,
6275.9850482941,0.0015339595,
6272.1276512146,0.0015312959,
6268.2702541351,0.0015265171,
6264.4128570557,0.0015382289,
6260.5554599762,0.001548538,
6256.6980628967,0.0015386615,
6252.8406658173,0.0015213867,
6248.9832687378,0.0015156519,
6245.1258716583,0.0015240754,
6241.2684745789,0.0015344784,
6237.4110774994,0.0015438991,
6233.5536804199,0.001547033,
6229.6962833405,0.0015333621,
6225.838886261,0.0015154587,
6221.9814891815,0.0015135275,
6218.1240921021,0.0015208538,
6214.2666950226,0.0015212989,
6210.4092979431,0.0015248887,
6206.5519008636,0.0015424928,
6202.6945037842,0.0015606589,
6198.8371067047,0.0015783493,
6194.9797096252,0.0016007801,
6191.1223125458,0.0016059797,
6187.2649154663,0.0015965113,
6183.4075183868,0.0016066473,
6179.5501213074,0.001621179,
6175.6927242279,0.0016098421,
6171.8353271484,0.0016065249,
6167.977930069,0.0016356369,
6164.1205329895,0.0016673517,
6160.26313591,0.0016918952,
6156.4057388306,0.001709247,
6152.5483417511,0.0017099965,
6148.6909446716,0.0017041173,
6144.8335475922,0.0016993319,
6140.9761505127,0.0017000707,
6137.1187534332,0.0017007084,
6133.2613563538,0.0016862124,
6129.4039592743,0.0016780221,
6125.5465621948,0.0017016169,
6121.6891651154,0.0017309932,
6117.8317680359,0.001727368,
6113.9743709564,0.0017022821,
6110.116973877,0.0016941722,
6106.2595767975,0.0017069695,
6102.402179718,0.0017228018,
6098.5447826385,0.001733636,
6094.6873855591,0.0017408105,
6090.8299884796,0.0017484208,
6086.9725914001,0.0017486517,
6083.1151943207,0.0017395219,
6079.2577972412,0.0017461519,
6075.4004001617,0.0017799484,
6071.5430030823,0.0018168323,
6067.6856060028,0.0018350948,
6063.8282089233,0.0018374457,
6059.9708118439,0.0018316081,
6056.1134147644,0.0018138252,
6052.2560176849,0.001788035,
6048.3986206055,0.001785123,
6044.541223526,0.0018218248,
6040.6838264465,0.0018621536,
6036.8264293671,0.0018720555,
6032.9690322876,0.0018588551,
6029.1116352081,0.0018476364,
6025.2542381287,0.0018550813,
6021.3968410492,0.0018683167,
6017.5394439697,0.0018752215,
6013.6820468903,0.0018787554,
6009.8246498108,0.001882189,
6005.9672527313,0.0018926684,
6002.1098556519,0.0018929502,
5998.2524585724,0.001874513,
5994.3950614929,0.0018713436,
5990.5376644135,0.0018955886,
5986.680267334,0.0019298852,
5982.8228702545,0.0019598876,
5978.965473175,0.0019689989,
5975.1080760956,0.0019527015,
5971.2506790161,0.0019359142,
5967.3932819366,0.0019413629,
5963.5358848572,0.0019627698,
5959.6784877777,0.0019798358,
5955.8210906982,0.001973897,
5951.9636936188,0.0019526302,
5948.1062965393,0.0019437773,
5944.2488994598,0.0019520703,
5940.3915023804,0.0019685789,
5936.5341053009,0.0019902731,
5932.6767082214,0.002012504,
5928.819311142,0.0020295717,
5924.9619140625,0.0020370074,
5921.104516983,0.0020384782,
5917.2471199036,0.0020440798,
5913.3897228241,0.0020563668,
5909.5323257446,0.0020675333,
5905.6749286652,0.0020732577,
5901.8175315857,0.0020774812,
5897.9601345062,0.0020718928,
5894.1027374268,0.0020574494,
5890.2453403473,0.0020657559,
5886.3879432678,0.0020990113,
5882.5305461884,0.002125286,
5878.6731491089,0.0021292553,
5874.8157520294,0.0021087311,
5870.95835495,0.0020881114,
5867.1009578705,0.0021053664,
5863.243560791,0.0021435227,
5859.3861637115,0.0021592863,
5855.5287666321,0.0021598451,
5851.6713695526,0.002179774,
5847.8139724731,0.0022198344,
5843.9565753937,0.002246419,
5840.0991783142,0.0022368259,
5836.2417812347,0.0022121044,
5832.3843841553,0.0022015027,
5828.5269870758,0.002195619,
5824.6695899963,0.0021872562,
5820.8121929169,0.0021958521,
5816.9547958374,0.0022173363,
5813.0973987579,0.0022348471,
5809.2400016785,0.002252209,
5805.382604599,0.0022680801,
5801.5252075195,0.0022813417,
5797.6678104401,0.0023018955,
5793.8104133606,0.0023188791,
5789.9530162811,0.0023173811,
5786.0956192017,0.0023132558,
5782.2382221222,0.0023237853,
5778.3808250427,0.002336446,
5774.5234279633,0.0023394472,
5770.6660308838,0.0023476577,
5766.8086338043,0.0023665903,
5762.9512367249,0.0023778658,
5759.0938396454,0.0023706798,
5755.2364425659,0.0023534996,
5751.3790454865,0.0023532202,
5747.521648407,0.0023912911,
5743.6642513275,0.0024461378,
5739.806854248,0.0024781954,
5735.9494571686,0.0024771364,
5732.0920600891,0.0024615808,
5728.2346630096,0.0024626108,
5724.3772659302,0.0024901279,
5720.5198688507,0.0025098869,
5716.6624717712,0.0025011492,
5712.8050746918,0.00249666,
5708.9476776123,0.0025206541,
5705.0902805328,0.0025515566,
5701.2328834534,0.0025682477,
5697.3754863739,0.0025684037,
5693.5180892944,0.0025469447,
5689.660692215,0.0025182699,
5685.8032951355,0.0025205447,
5681.945898056,0.0025584591,
5678.0885009766,0.0026007472,
5674.2311038971,0.0026302626,
5670.3737068176,0.0026479331,
5666.5163097382,0.002648511,
5662.6589126587,0.0026255455,
5658.8015155792,0.0025953744,
5654.9441184998,0.0025879769,
5651.0867214203,0.0026134735,
5647.2293243408,0.0026517739,
5643.3719272614,0.0026808844,
5639.5145301819,0.0026983451,
5635.6571331024,0.0026992199,
5631.7997360229,0.0026887385,
5627.9423389435,0.0026925516,
5624.084941864,0.0027094232,
5620.2275447845,0.0027208026,
5616.3701477051,0.0027242592,
5612.5127506256,0.0027283924,
5608.6553535461,0.002742826,
5604.7979564667,0.0027626618,
5600.9405593872,0.0027834889,
5597.0831623077,0.0028055033,
5593.2257652283,0.0028112466,
5589.3683681488,0.0028028334,
5585.5109710693,0.0028056623,
5581.6535739899,0.002815662,
5577.7961769104,0.0028242359,
5573.9387798309,0.0028392668,
5570.0813827515,0.0028578644,
5566.223985672,0.00286947,
5562.3665885925,0.0028723893,
5558.5091915131,0.0028803973,
5554.6517944336,0.0029002395,
5550.7943973541,0.002925355,
5546.9370002747,0.0029444369,
5543.0796031952,0.0029443339,
5539.2222061157,0.0029400457,
5535.3648090363,0.002952507,
5531.5074119568,0.0029698592,
5527.6500148773,0.0029813568,
5523.7926177979,0.0029945481,
5519.9352207184,0.0030034448,
5516.0778236389,0.0029998897,
5512.2204265594,0.0029912577,
5508.36302948,0.0029893299,
5504.5056324005,0.003009134,
5500.648235321,0.0030458714,
5496.7908382416,0.0030778514,
5492.9334411621,0.0030787322,
5489.0760440826,0.0030728541,
5485.2186470032,0.0030985675,
5481.3612499237,0.0031040511,
5477.5038528442,0.0031488934,
5473.6464557648,0.0032391865,
5469.7890586853,0.0030564845,
5465.9316616058,0.0026222176,
5462.0742645264,0.0024209893,
5458.2168674469,0.0025097125,
5454.3594703674,0.0025962477,
5450.502073288,0.0027427096,
5446.6446762085,0.0030311306,
5442.787279129,0.0032207808,
5438.9298820496,0.003241539,
5435.0724849701,0.0032343715,
5431.2150878906,0.00325309,
5427.3576908112,0.0032930453,
5423.5002937317,0.0033219256,
5419.6428966522,0.0033319974,
5415.7854995728,0.0033471538,
5411.9281024933,0.0033654394,
5408.0707054138,0.0033653905,
5404.2133083344,0.0033495419,
5400.3559112549,0.0033602118,
5396.4985141754,0.0033935998,
5392.6411170959,0.0034075056,
5388.7837200165,0.0033995272,
5384.926322937,0.00339277,
5381.0689258575,0.0034122365,
5377.2115287781,0.0034555418,
5373.3541316986,0.0034828268,
5369.4967346191,0.0034751962,
5365.6393375397,0.0034577493,
5361.7819404602,0.0034552854,
5357.9245433807,0.0034766197,
5354.0671463013,0.0035172906,
5350.2097492218,0.0035559332,
5346.3523521423,0.0035725231,
5342.4949550629,0.0035777148,
5338.6375579834,0.0035950709,
5334.7801609039,0.0036029136,
5330.9227638245,0.0035798091,
5327.065366745,0.0035721357,
5323.2079696655,0.0036054994,
5319.3505725861,0.0036254658,
5315.4931755066,0.0036051134,
5311.6357784271,0.0035969745,
5307.7783813477,0.003645102,
5303.9209842682,0.0037238246,
5300.0635871887,0.0037782537,
5296.2061901093,0.0037964387,
5292.3487930298,0.0037976755,
5288.4913959503,0.0037951693,
5284.6339988708,0.0037985174,
5280.7766017914,0.0038057137,
5276.9192047119,0.0038148947,
5273.0618076324,0.0038242494,
5269.204410553,0.0038276063,
5265.3470134735,0.0038329731,
5261.489616394,0.0038506116,
5257.6322193146,0.0038787571,
5253.7748222351,0.0039071585,
5249.9174251556,0.0039310316,
5246.0600280762,0.0039502438,
5242.2026309967,0.0039633643,
5238.3452339172,0.0039788159,
5234.4878368378,0.0039988281,
5230.6304397583,0.0040093083,
5226.7730426788,0.0040047457,
5222.9156455994,0.0039948993,
5219.0582485199,0.0040013189,
5215.2008514404,0.0040411116,
5211.343454361,0.0040818667,
5207.4860572815,0.0040871259,
5203.628660202,0.004083788,
5199.7712631226,0.0040888493,
5195.9138660431,0.0040876335,
5192.0564689636,0.0041049663,
5188.1990718842,0.0041640829,
5184.3416748047,0.0042221248,
5180.4842777252,0.0042361952,
5176.6268806458,0.0042367242,
5172.7694835663,0.0042709438,
5168.9120864868,0.0043184236,
5165.0546894073,0.0043268697,
5161.1972923279,0.0043086745,
5157.3398952484,0.0043125367,
5153.4824981689,0.0043351362,
5149.6251010895,0.0043529249,
5145.76770401,0.004369677,
5141.9103069305,0.0043859659,
5138.0529098511,0.0043892544,
5134.1955127716,0.0043919981,
5130.3381156921,0.0044157519,
5126.4807186127,0.0044505489,
5122.6233215332,0.0044883825,
5118.7659244537,0.0045237653,
5114.9085273743,0.0045307986,
5111.0511302948,0.0045157475,
5107.1937332153,0.0045168763,
5103.3363361359,0.0045356629,
5099.4789390564,0.0045532165,
5095.6215419769,0.0045764339,
5091.7641448975,0.0046060765,
5087.906747818,0.0046323095,
5084.0493507385,0.0046552429,
5080.1919536591,0.0046680253,
5076.3345565796,0.0046760519,
5072.4771595001,0.0046977862,
5068.6197624207,0.0047312211,
5064.7623653412,0.0047571547,
5060.9049682617,0.0047649946,
5057.0475711823,0.0047731954,
5053.1901741028,0.004791596,
5049.3327770233,0.004799834,
5045.4753799438,0.0047982857,
5041.6179828644,0.0048086299,
5037.7605857849,0.0048419139,
5033.9031887054,0.0048961048,
5030.045791626,0.004950271,
5026.1883945465,0.0049790014,
5022.330997467,0.0049734516,
5018.4736003876,0.004955655,
5014.6162033081,0.0049772598,
5010.7588062286,0.0050403895,
5006.9014091492,0.0050771981,
5003.0440120697,0.0050680186,
4999.1866149902,0.0050710887,
4995.3292179108,0.0051103923,
4991.4718208313,0.0051372764,
4987.6144237518,0.0051266346,
4983.7570266724,0.0051105907,
4979.8996295929,0.0051118508,
4976.0422325134,0.005145065,
4972.184835434,0.0052205659,
4968.3274383545,0.0052854544,
4964.470041275,0.0052892794,
4960.6126441956,0.0052747251,
4956.7552471161,0.005280152,
4952.8978500366,0.0052994192,
4949.0404529572,0.0053435536,
4945.1830558777,0.0053960439,
4941.3256587982,0.0054110046,
4937.4682617188,0.0053927107,
4933.6108646393,0.0053932471,
4929.7534675598,0.0054219114,
4925.8960704803,0.0054387217,
4922.0386734009,0.0054578376,
4918.1812763214,0.0055114473,
4914.3238792419,0.0055604447,
4910.4664821625,0.0055628335,
4906.609085083,0.0055505494,
4902.7516880035,0.0055759675,
4898.8942909241,0.0056350152,
4895.0368938446,0.0056906519,
4891.1794967651,0.0057229185,
4887.3220996857,0.0057362355,
4883.4647026062,0.0057388004,
4879.6073055267,0.0057381149,
4875.7499084473,0.0057531116,
4871.8925113678,0.0057802722,
4868.0351142883,0.0058012186,
4864.1777172089,0.0058294237,
4860.3203201294,0.0058733262,
4856.4629230499,0.0059039788,
4852.6055259705,0.0059081875,
4848.748128891,0.0059122457,
4844.8907318115,0.0059359786,
4841.0333347321,0.0059822355,
4837.1759376526,0.0060385088,
4833.3185405731,0.0060679466,
4829.4611434937,0.0060659712,
4825.6037464142,0.0060681938,
4821.7463493347,0.0060779518,
4817.8889522552,0.0060961908,
4814.0315551758,0.006144648,
4810.1741580963,0.0062001231,
4806.3167610168,0.0062424149,
4802.4593639374,0.0062896516,
4798.6019668579,0.0063287504,
4794.7445697784,0.0063440222,
4790.887172699,0.0063482467,
4787.0297756195,0.0063505238,
4783.17237854,0.0063773096,
4779.3149814606,0.0064513898,
4775.4575843811,0.0065271286,
4771.6001873016,0.0065504792,
4767.7427902222,0.0065523116,
4763.8853931427,0.006585761,
4760.0279960632,0.0066339136,
4756.1705989838,0.0066567818,
4752.3132019043,0.0066605927,
4748.4558048248,0.0066695772,
4744.5984077454,0.0066897934,
4740.7410106659,0.0067171091,
4736.8836135864,0.0067336746,
4733.026216507,0.0067263013,
4729.1688194275,0.0067225862,
4725.311422348,0.0067622941,
4721.4540252686,0.0068401024,
4717.5966281891,0.0069067813,
4713.7392311096,0.0069417525,
4709.8818340302,0.0069750338,
4706.0244369507,0.0070207827,
4702.1670398712,0.0070614191,
4698.3096427917,0.0070822695,
4694.4522457123,0.0070894342,
4690.5948486328,0.0070903283,
4686.7374515533,0.0070860153,
4682.8800544739,0.0071043009,
4679.0226573944,0.0071570594,
4675.1652603149,0.0072111627,
4671.3078632355,0.0072527323,
4667.450466156,0.0072866259,
4663.5930690765,0.0073079495,
4659.7356719971,0.0073260111,
4655.8782749176,0.0073526446,
4652.0208778381,0.0073784706,
4648.1634807587,0.0074141538,
4644.3060836792,0.0074803727,
4640.4486865997,0.0075410968,
4636.5912895203,0.0075494675,
4632.7338924408,0.0075369482,
4628.8764953613,0.0075640213,
4625.0190982819,0.0076180696,
4621.1617012024,0.0076622306,
4617.3043041229,0.007706082,
4613.4469070435,0.007757199,
4609.589509964,0.0077995309,
4605.7321128845,0.0078106243,
4601.8747158051,0.0077896733,
4598.0173187256,0.00778988,
4594.1599216461,0.0078463349,
4590.3025245667,0.007913108,
4586.4451274872,0.0079547381,
4582.5877304077,0.0079850368,
4578.7303333282,0.008011261,
4574.8729362488,0.0080436841,
4571.0155391693,0.0080755511,
4567.1581420898,0.0080807284,
4563.3007450104,0.0080775563,
4559.4433479309,0.0081015676,
4555.5859508514,0.0081531396,
4551.728553772,0.008204231,
4547.8711566925,0.0082237143,
4544.013759613,0.0082164463,
4540.1563625336,0.0082385745,
4536.2989654541,0.0083167311,
4532.4415683746,0.0083911289,
4528.5841712952,0.0084085055,
4524.7267742157,0.0084050838,
4520.8693771362,0.0084426785,
4517.0119800568,0.0085053239,
4513.1545829773,0.008548243,
4509.2971858978,0.008563593,
4505.4397888184,0.0085668843,
4501.5823917389,0.0085912803,
4497.7249946594,0.0086257309,
4493.86759758,0.0086754346,
4490.0102005005,0.0087208552,
4486.152803421,0.0087035587,
4482.2954063416,0.0088202059,
4478.4380092621,0.0090275444,
4474.5806121826,0.0088011026,
4470.7232151031,0.0081319073,
4466.8658180237,0.0075081373,
4463.0084209442,0.0074310042,
4459.1510238647,0.0081746373,
4455.2936267853,0.0090273106,
4451.4362297058,0.0092255194,
4447.5788326263,0.0091526154,
4443.7214355469,0.0092060082,
4439.8640384674,0.0092494274,
4436.0066413879,0.009247683,
4432.1492443085,0.0092692366,
4428.291847229,0.0093300119,
4424.4344501495,0.0093941521,
4420.5770530701,0.0094217919,
4416.7196559906,0.0094439872,
4412.8622589111,0.0095093697,
4409.0048618317,0.0095940828,
4405.1474647522,0.0096430089,
4401.2900676727,0.0096643865,
4397.4326705933,0.0096894326,
4393.5752735138,0.0097221471,
4389.7178764343,0.0097567942,
4385.8604793549,0.0097887563,
4382.0030822754,0.0098217018,
4378.1456851959,0.0098694265,
4374.2882881165,0.009932762,
4370.430891037,0.0099892337,
4366.5734939575,0.0100424122,
4362.7160968781,0.0101061296,
4358.8586997986,0.010161439,
4355.0013027191,0.0102054998,
4351.1439056396,0.0102534639,
4347.2865085602,0.0102855209,
4343.4291114807,0.0102938507,
4339.5717144012,0.0103287715,
4335.7143173218,0.0103920475,
4331.8569202423,0.0104181953,
4327.9995231628,0.0104220491,
4324.1421260834,0.0104723163,
4320.2847290039,0.0105374558,
4316.4273319244,0.0105573796,
4312.569934845,0.0105738174,
4308.7125377655,0.0106236897,
4304.855140686,0.0106755951,
4300.9977436066,0.0107156802,
4297.1403465271,0.0107563697,
4293.2829494476,0.0108135622,
4289.4255523682,0.0108874748,
4285.5681552887,0.0109498417,
4281.7107582092,0.0109850653,
4277.8533611298,0.0110111739,
4273.9959640503,0.0110449791,
4270.1385669708,0.0110819191,
4266.2811698914,0.0111132357,
4262.4237728119,0.0111391582,
4258.5663757324,0.0111764576,
4254.708978653,0.0112417219,
4250.8515815735,0.0113208713,
4246.994184494,0.0113847833,
4243.1367874146,0.0114287063,
4239.2793903351,0.0114653651,
4235.4219932556,0.0114971614,
4231.5645961761,0.0115351994,
4227.7071990967,0.011589149,
4223.8498020172,0.0116422456,
4219.9924049377,0.0116891339,
4216.1350078583,0.0117335105,
4212.2776107788,0.0117678363,
4208.4202136993,0.0117992591,
4204.5628166199,0.0118444953,
4200.7054195404,0.0119071286,
4196.8480224609,0.0119731147,
4192.9906253815,0.0120241717,
4189.133228302,0.0120668234,
4185.2758312225,0.0121121798,
4181.4184341431,0.0121504897,
4177.5610370636,0.0121837258,
4173.7036399841,0.0122186262,
4169.8462429047,0.0122517496,
4165.9888458252,0.0122949351,
4162.1314487457,0.012352651,
4158.2740516663,0.0124055743,
4154.4166545868,0.0124409311,
4150.5592575073,0.0124725914,
4146.7018604279,0.0125350477,
4142.8444633484,0.0126176709,
4138.9870662689,0.0126581825,
4135.1296691895,0.0126742683,
4131.27227211,0.01274582,
4127.4148750305,0.0128503628,
4123.557477951,0.0129031418,
4119.7000808716,0.0129009224,
4115.8426837921,0.0129121924,
4111.9852867126,0.0129630081,
4108.1278896332,0.0130173396,
4104.2704925537,0.0130762998,
4100.4130954742,0.0131532867,
4096.5556983948,0.0132047329,
4092.6983013153,0.013211254,
4088.8409042358,0.013225859,
4084.9835071564,0.0132907303,
4081.1261100769,0.0133556947,
4077.2687129974,0.0133720431,
4073.411315918,0.0134044494,
4069.5539188385,0.0134817865,
4065.696521759,0.0135316085,
4061.8391246796,0.0135456668,
4057.9817276001,0.0135654435,
4054.1243305206,0.0135940015,
4050.2669334412,0.0136414915,
4046.4095363617,0.0137163568,
4042.5521392822,0.0137866922,
4038.6947422028,0.0138246063,
4034.8373451233,0.0138572901,
4030.9799480438,0.0139127206,
4027.1225509644,0.0139567712,
4023.2651538849,0.013974471,
4019.4077568054,0.014004074,
4015.550359726,0.0140638836,
4011.6929626465,0.0141456984,
4007.835565567,0.0142216217,
4003.9781684875,0.0142629258,
4000.1207714081,0.014290981,
3996.2633743286,0.01434079,
3992.4059772491,0.0144061679,
3988.5485801697,0.0144629944,
3984.6911830902,0.0145032592,
3980.8337860107,0.0145438295,
3976.9763889313,0.0145858675,
3973.1189918518,0.0146016553,
3969.2615947723,0.0146089997,
3965.4041976929,0.0146583198,
3961.5468006134,0.0147520434,
3957.6894035339,0.0148447054,
3953.8320064545,0.0148902331,
3949.974609375,0.0148901856,
3946.1172122955,0.0148804262,
3942.2598152161,0.0148885492,
3938.4024181366,0.0149305416,
3934.5450210571,0.0149994846,
3930.6876239777,0.0150703294,
3926.8302268982,0.0151339397,
3922.9728298187,0.0151908286,
3919.1154327393,0.0152283991,
3915.2580356598,0.0152387805,
3911.4006385803,0.0152423047,
3907.5432415009,0.0152689125,
3903.6858444214,0.0153159536,
3899.8284473419,0.0153601291,
3895.9710502625,0.0154034579,
3892.113653183,0.015454296,
3888.2562561035,0.0155058857,
3884.398859024,0.0155520122,
3880.5414619446,0.0155915916,
3876.6840648651,0.0156397559,
3872.8266677856,0.0157115851,
3868.9692707062,0.0157882273,
3865.1118736267,0.0158326365,
3861.2544765472,0.0158312041,
3857.3970794678,0.0158297885,
3853.5396823883,0.0158900805,
3849.6822853088,0.0159859341,
3845.8248882294,0.0160478354,
3841.9674911499,0.0160742961,
3838.1100940704,0.0161016807,
3834.252696991,0.0161410458,
3830.3952999115,0.0161729977,
3826.537902832,0.016184371,
3822.6805057526,0.016202461,
3818.8231086731,0.0162617527,
3814.9657115936,0.0163510162,
3811.1083145142,0.0164134316,
3807.2509174347,0.0164141878,
3803.3935203552,0.0163842998,
3799.5361232758,0.0163814649,
3795.6787261963,0.0164266583,
3791.8213291168,0.0164920781,
3787.9639320374,0.0165591836,
3784.1065349579,0.0166176036,
3780.2491378784,0.0166442133,
3776.391740799,0.0166493692,
3772.5343437195,0.0166583434,
3768.67694664,0.0166772548,
3764.8195495605,0.0167050175,
3760.9621524811,0.016738452,
3757.1047554016,0.0167723969,
3753.2473583221,0.0167951435,
3749.3899612427,0.016817214,
3745.5325641632,0.0168486796,
3741.6751670837,0.0168592557,
3737.8177700043,0.0168430284,
3733.9603729248,0.0168305226,
3730.1029758453,0.0168157145,
3726.2455787659,0.0167443398,
3722.3881816864,0.0166085288,
3718.5307846069,0.0164742172,
3714.6733875275,0.0163823962,
3710.815990448,0.016356593,
3706.9585933685,0.0164028145,
3703.1011962891,0.0164432097,
3699.2437992096,0.0164068229,
3695.3864021301,0.016322447,
3691.5290050507,0.0162681807,
3687.6716079712,0.0162955653,
3683.8142108917,0.0163674857,
3679.9568138123,0.0164010972,
3676.0994167328,0.0164161921,
3672.2420196533,0.0164560135,
3668.3846225739,0.0164670832,
3664.5272254944,0.0164544061,
3660.6698284149,0.0164753348,
3656.8124313354,0.0165129676,
3652.955034256,0.0165320039,
3649.0976371765,0.016538009,
3645.240240097,0.0165723674,
3641.3828430176,0.0166399442,
3637.5254459381,0.016704917,
3633.6680488586,0.0167489164,
3629.8106517792,0.0167493131,
3625.9532546997,0.0167148933,
3622.0958576202,0.0167114735,
3618.2384605408,0.0167599767,
3614.3810634613,0.0168041922,
3610.5236663818,0.0168083124,
3606.6662693024,0.0167976338,
3602.8088722229,0.0168150235,
3598.9514751434,0.0168625265,
3595.094078064,0.0168958716,
3591.2366809845,0.0169120245,
3587.379283905,0.0169503838,
3583.5218868256,0.0170008931,
3579.6644897461,0.0170210674,
3575.8070926666,0.0170161501,
3571.9496955872,0.0170188583,
3568.0922985077,0.0170315467,
3564.2349014282,0.017042933,
3560.3775043488,0.0170613173,
3556.5201072693,0.0171025582,
3552.6627101898,0.0171477497,
3548.8053131104,0.0171627328,
3544.9479160309,0.0171454065,
3541.0905189514,0.0171386953,
3537.2331218719,0.0171856508,
3533.3757247925,0.0172508471,
3529.518327713,0.0172751695,
3525.6609306335,0.0172615219,
3521.8035335541,0.0172670837,
3517.9461364746,0.017305959,
3514.0887393951,0.0173321255,
3510.2313423157,0.0173544101,
3506.3739452362,0.0174033213,
3502.5165481567,0.0174682289,
3498.6591510773,0.0174947139,
3494.8017539978,0.0175111685,
3490.9443569183,0.0175295863,
3487.0869598389,0.0174472593,
3483.2295627594,0.0176112801,
3479.3721656799,0.018217314,
3475.5147686005,0.018596245,
3471.657371521,0.0185791254,
3467.7999744415,0.0185311362,
3463.9425773621,0.0182846375,
3460.0851802826,0.0178633481,
3456.2277832031,0.0176489651,
3452.3703861237,0.0176284239,
3448.5129890442,0.0176308919,
3444.6555919647,0.0176525861,
3440.7981948853,0.0177129768,
3436.9407978058,0.0177869871,
3433.0834007263,0.0178328007,
3429.2260036469,0.0178530999,
3425.3686065674,0.0178731158,
3421.5112094879,0.0178742371,
3417.6538124084,0.0178528186,
3413.796415329,0.0178569742,
3409.9390182495,0.017912779,
3406.08162117,0.017969951,
3402.2242240906,0.0179756917,
3398.3668270111,0.0179563388,
3394.5094299316,0.0179674998,
3390.6520328522,0.0180259086,
3386.7946357727,0.0180950984,
3382.9372386932,0.0181390829,
3379.0798416138,0.0181560181,
3375.2224445343,0.0181503706,
3371.3650474548,0.0181465447,
3367.5076503754,0.0181569234,
3363.6502532959,0.0181735493,
3359.7928562164,0.0182133205,
3355.935459137,0.0182537958,
3352.0780620575,0.0182647146,
3348.220664978,0.0182789806,
3344.3632678986,0.0182960276,
3340.5058708191,0.0182892848,
3336.6484737396,0.0182824321,
3332.7910766602,0.0183152892,
3328.9336795807,0.0183819868,
3325.0762825012,0.0184179917,
3321.2188854218,0.0184081979,
3317.3614883423,0.018404942,
3313.5040912628,0.0184361599,
3309.6466941833,0.0185022987,
3305.7892971039,0.0185616799,
3301.9319000244,0.0185758956,
3298.0745029449,0.0185629316,
3294.2171058655,0.0185389668,
3290.359708786,0.0185282249,
3286.5023117065,0.018556159,
3282.6449146271,0.0186011326,
3278.7875175476,0.0186351184,
3274.9301204681,0.0186485425,
3271.0727233887,0.0186449569,
3267.2153263092,0.0186447129,
3263.3579292297,0.0186740048,
3259.5005321503,0.0187447555,
3255.6431350708,0.0188164711,
3251.7857379913,0.0188353583,
3247.9283409119,0.0188212208,
3244.0709438324,0.0188276693,
3240.2135467529,0.0188778862,
3236.3561496735,0.0189511776,
3232.498752594,0.0189850312,
3228.6413555145,0.0189656317,
3224.7839584351,0.0189562142,
3220.9265613556,0.0189856514,
3217.0691642761,0.0190381855,
3213.2117671967,0.0190964453,
3209.3543701172,0.0191230848,
3205.4969730377,0.0191257112,
3201.6395759583,0.0191563983,
3197.7821788788,0.0191936959,
3193.9247817993,0.0191989206,
3190.0673847198,0.019188378,
3186.2099876404,0.0191784538,
3182.3525905609,0.0191883538,
3178.4951934814,0.0192262344,
3174.637796402,0.0192672126,
3170.7803993225,0.0192999057,
3166.923002243,0.0193318538,
3163.0656051636,0.0193724856,
3159.2082080841,0.0194184333,
3155.3508110046,0.0194612518,
3151.4934139252,0.0195084848,
3147.6360168457,0.019545706,
3143.7786197662,0.0195539016,
3139.9212226868,0.0195502937,
3136.0638256073,0.0195690598,
3132.2064285278,0.0196381118,
3128.3490314484,0.0197127648,
3124.4916343689,0.0197281167,
3120.6342372894,0.0197183453,
3116.77684021,0.0197360776,
3112.9194431305,0.0197752304,
3109.062046051,0.0198084041,
3105.2046489716,0.019825222,
3101.3472518921,0.0198363699,
3097.4898548126,0.0198466536,
3093.6324577332,0.0198762193,
3089.7750606537,0.0199325066,
3085.9176635742,0.019960802,
3082.0602664948,0.019942306,
3078.2028694153,0.0199276507,
3074.3454723358,0.0199510343,
3070.4880752563,0.0200214628,
3066.6306781769,0.0201185681,
3062.7732810974,0.0202013291,
3058.9158840179,0.0202512331,
3055.0584869385,0.0202653855,
3051.201089859,0.0202787705,
3047.3436927795,0.0203148201,
3043.4862957001,0.0203268398,
3039.6288986206,0.0203166902,
3035.7715015411,0.0203216076,
3031.9141044617,0.0203245394,
3028.0567073822,0.0203341171,
3024.1993103027,0.0203576833,
3020.3419132233,0.0203380566,
3016.4845161438,0.0202710032,
3012.6271190643,0.0202211067,
3008.7697219849,0.0201973282,
3004.9123249054,0.020153936,
3001.0549278259,0.0200690851,
2997.1975307465,0.019963691,
2993.340133667,0.0198328979,
2989.4827365875,0.0196363647,
2985.6253395081,0.019413868,
2981.7679424286,0.0192210153,
2977.9105453491,0.0190032702,
2974.0531482697,0.0186947975,
2970.1957511902,0.0183154084,
2966.3383541107,0.0179674141,
2962.4809570313,0.0177800246,
2958.6235599518,0.0178055279,
2954.7661628723,0.0179585814,
2950.9087657928,0.0180895701,
2947.0513687134,0.0181389637,
2943.1939716339,0.0181497261,
2939.3365745544,0.0181638487,
2935.479177475,0.0181950182,
2931.6217803955,0.0182645656,
2927.764383316,0.0184164234,
2923.9069862366,0.0186823271,
2920.0495891571,0.0190256126,
2916.1921920776,0.0193456411,
2912.3347949982,0.0195780732,
2908.4773979187,0.0197310522,
2904.6200008392,0.0198452994,
2900.7626037598,0.0199887343,
2896.9052066803,0.0201828182,
2893.0478096008,0.020367533,
2889.1904125214,0.0204789806,
2885.3330154419,0.0204909593,
2881.4756183624,0.0204390176,
2877.618221283,0.0203754939,
2873.7608242035,0.0203264132,
2869.903427124,0.020322524,
2866.0460300446,0.0203550979,
2862.1886329651,0.0204110667,
2858.3312358856,0.0205360111,
2854.4738388062,0.0207234882,
2850.6164417267,0.0209396146,
2846.7590446472,0.0212040171,
2842.9016475677,0.0214718431,
2839.0442504883,0.021664571,
2835.1868534088,0.0217975564,
2831.3294563293,0.02190689,
2827.4720592499,0.0219912007,
2823.6146621704,0.0220450871,
2819.7572650909,0.0220939778,
2815.8998680115,0.0221669693,
2812.042470932,0.0222352762,
2808.1850738525,0.0222902372,
2804.3276767731,0.0223483164,
2800.4702796936,0.0223845914,
2796.6128826141,0.0224297829,
2792.7554855347,0.02252746,
2788.8980884552,0.0226304661,
2785.0406913757,0.0226858258,
2781.1832942963,0.0226761438,
2777.3258972168,0.0226503164,
2773.4685001373,0.0227069687,
2769.6111030579,0.022835061,
2765.7537059784,0.0229281615,
2761.8963088989,0.0229526907,
2758.0389118195,0.0229695775,
2754.18151474,0.0230104774,
2750.3241176605,0.0230309628,
2746.4667205811,0.023034839,
2742.6093235016,0.0230858382,
2738.7519264221,0.0231735297,
2734.8945293427,0.0232388973,
2731.0371322632,0.0232833698,
2727.1797351837,0.0233245641,
2723.3223381042,0.0233251601,
2719.4649410248,0.0233025476,
2715.6075439453,0.0233471803,
2711.7501468658,0.0234568603,
2707.8927497864,0.0235534366,
2704.0353527069,0.0236023441,
2700.1779556274,0.0236275829,
2696.320558548,0.0236431025,
2692.4631614685,0.0236257296,
2688.605764389,0.0236103609,
2684.7483673096,0.0236589406,
2680.8909702301,0.0237569585,
2677.0335731506,0.0238597728,
2673.1761760712,0.0239421576,
2669.3187789917,0.0239974204,
2665.4613819122,0.0240338426,
2661.6039848328,0.0240703933,
2657.7465877533,0.0241278969,
2653.8891906738,0.0241990872,
2650.0317935944,0.0242524445,
2646.1743965149,0.0242942125,
2642.3169994354,0.0243766587,
2638.459602356,0.0244777519,
2634.6022052765,0.0245046653,
2630.744808197,0.0244824924,
2626.8874111176,0.0245185141,
2623.0300140381,0.0246334691,
2619.1726169586,0.0247771479,
2615.3152198792,0.0248856992,
2611.4578227997,0.0249268543,
2607.6004257202,0.0249192379,
2603.7430286407,0.0249140542,
2599.8856315613,0.0249672215,
2596.0282344818,0.0250577256,
2592.1708374023,0.0251368918,
2588.3134403229,0.0252183974,
2584.4560432434,0.0253043845,
2580.5986461639,0.0253866799,
2576.7412490845,0.0254802369,
2572.883852005,0.0255656522,
2569.0264549255,0.0256198905,
2565.1690578461,0.0256539993,
2561.3116607666,0.0256976262,
2557.4542636871,0.0257832445,
2553.5968666077,0.025864739,
2549.7394695282,0.025879629,
2545.8820724487,0.0258879513,
2542.0246753693,0.0259497687,
2538.1672782898,0.0260351393,
2534.3098812103,0.0261169933,
2530.4524841309,0.0261966176,
2526.5950870514,0.0262737125,
2522.7376899719,0.0263301581,
2518.8802928925,0.0263596252,
2515.022895813,0.0263843015,
2511.1654987335,0.026428245,
2507.3081016541,0.0265239812,
2503.4507045746,0.0266572759,
2499.5933074951,0.0267367065,
2495.7359104156,0.0267622992,
2491.8785133362,0.0267958511,
2488.0211162567,0.0267207231,
2484.1637191772,0.0265039187,
2480.3063220978,0.0264606811,
2476.4489250183,0.0267280582,
2472.5915279388,0.0269988831,
2468.7341308594,0.0270864554,
2464.8767337799,0.0271375477,
2461.0193367004,0.027230911,
2457.161939621,0.0272926241,
2453.3045425415,0.027322907,
2449.447145462,0.0273611881,
2445.5897483826,0.0274027325,
2441.7323513031,0.0274656266,
2437.8749542236,0.027566649,
2434.0175571442,0.0276690051,
2430.1601600647,0.0277363323,
2426.3027629852,0.0277936161,
2422.4453659058,0.0278746802,
2418.5879688263,0.0279468857,
2414.7305717468,0.0279818475,
2410.8731746674,0.0279959925,
2407.0157775879,0.0279920269,
2403.1583805084,0.027988473,
2399.300983429,0.0280394219,
2395.4435863495,0.0281566866,
2391.58618927,0.0282679722,
2387.7287921906,0.0283168927,
2383.8713951111,0.0283542201,
2380.0139980316,0.0284210443,
2376.1566009521,0.0284868181,
2372.2992038727,0.0285407845,
2368.4418067932,0.0286058653,
2364.5844097137,0.028712023,
2360.7270126343,0.0288277641,
2356.8696155548,0.028889101,
2353.0122184753,0.0289330222,
2349.1548213959,0.0290003419,
2345.2974243164,0.0290689003,
2341.4400272369,0.0291332584,
2337.5826301575,0.0291952658,
2333.725233078,0.0292892791,
2329.8678359985,0.0294304974,
2326.0104389191,0.029548265,
2322.1530418396,0.0296016932,
2318.2956447601,0.0296338387,
2314.4382476807,0.0296969507,
2310.5808506012,0.029762717,
2306.7234535217,0.0297896676,
2302.8660564423,0.0298378468,
2299.0086593628,0.029939007,
2295.1512622833,0.0300427489,
2291.2938652039,0.0301351417,
2287.4364681244,0.030229155,
2283.5790710449,0.0303233117,
2279.7216739655,0.0304121934,
2275.864276886,0.0304934308,
2272.0068798065,0.0305748396,
2268.1494827271,0.0306790024,
2264.2920856476,0.0308071226,
2260.4346885681,0.0309084617,
2256.5772914886,0.0309432391,
2252.7198944092,0.0309336521,
2248.8624973297,0.0309579857,
2245.0051002502,0.0310770273,
2241.1477031708,0.0312470607,
2237.2903060913,0.0313969031,
2233.4329090118,0.031521894,
2229.5755119324,0.0316436067,
2225.7181148529,0.0317421593,
2221.8607177734,0.0318013132,
2218.003320694,0.0318884552,
2214.1459236145,0.0320422798,
2210.288526535,0.0321868174,
2206.4311294556,0.0322576165,
2202.5737323761,0.0322879776,
2198.7163352966,0.0323603749,
2194.8589382172,0.0324910432,
2191.0015411377,0.0325907208,
2187.1441440582,0.0326429047,
2183.2867469788,0.032769531,
2179.4293498993,0.0329626501,
2175.5719528198,0.0330490991,
2171.7145557404,0.0330010056,
2167.8571586609,0.0329501033,
2163.9997615814,0.0329657011,
2160.142364502,0.0330569856,
2156.2849674225,0.0332081839,
2152.427570343,0.0333434865,
2148.5701732635,0.03343492,
2144.7127761841,0.0335023142,
2140.8553791046,0.0335464738,
2136.9979820251,0.0336185731,
2133.1405849457,0.0337313749,
2129.2831878662,0.0338126123,
2125.4257907867,0.0338556059,
2121.5683937073,0.0339189321,
2117.7109966278,0.0340096019,
2113.8535995483,0.034083426,
2109.9962024689,0.034144491,
2106.1388053894,0.0342399552,
2102.2814083099,0.0343571305,
2098.4240112305,0.0344329923,
2094.566614151,0.0344867036,
2090.7092170715,0.0345910713,
2086.8518199921,0.0347176939,
2082.9944229126,0.0348283239,
2079.1370258331,0.0349499881,
2075.2796287537,0.0350598283,
2071.4222316742,0.0351241976,
2067.5648345947,0.0351597816,
2063.7074375153,0.0351855606,
2059.8500404358,0.0352354422,
2055.9926433563,0.0353331752,
2052.1352462769,0.0354541689,
2048.2778491974,0.035593383,
2044.4204521179,0.0357414223,
2040.5630550385,0.0358398706,
2036.705657959,0.0358786546,
2032.8482608795,0.0359106325,
2028.9908638,0.0359591767,
2025.1334667206,0.0360156968,
2021.2760696411,0.0360960737,
2017.4186725616,0.0362278298,
2013.5612754822,0.0363816917,
2009.7038784027,0.0364865288,
2005.8464813232,0.0365422256,
2001.9890842438,0.0365923643,
1998.1316871643,0.0366690122,
1994.2742900848,0.0368168168,
1990.4168930054,0.0369451717,
1986.5594959259,0.0369476527,
1982.7020988464,0.0369613171,
1978.844701767,0.0370680913,
1974.9873046875,0.0371602699,
1971.129907608,0.0372239947,
1967.2725105286,0.0373072028,
1963.4151134491,0.0373971388,
1959.5577163696,0.0374852121,
1955.7003192902,0.0375486165,
1951.8429222107,0.037568897,
1947.9855251312,0.0375852883,
1944.1281280518,0.0376047343,
1940.2707309723,0.0376370028,
1936.4133338928,0.0377420746,
1932.5559368134,0.0379075035,
1928.6985397339,0.0380505621,
1924.8411426544,0.0381394289,
1920.983745575,0.0382145196,
1917.1263484955,0.0382947996,
1913.268951416,0.0383743718,
1909.4115543365,0.0384482108,
1905.5541572571,0.0384562947,
1901.6967601776,0.038394548,
1897.8393630981,0.0383928381,
1893.9819660187,0.0385125428,
1890.1245689392,0.0386580452,
1886.2671718597,0.0387370139,
1882.4097747803,0.0387558639,
1878.5523777008,0.038791582,
1874.6949806213,0.0388691239,
1870.8375835419,0.0389107317,
1866.9801864624,0.0389001444,
1863.1227893829,0.0388647541,
1859.2653923035,0.0387966968,
1855.407995224,0.0387468338,
1851.5505981445,0.0387533493,
1847.6932010651,0.0388051644,
1843.8358039856,0.0388887823,
1839.9784069061,0.0389607996,
1836.1210098267,0.0390030146,
1832.2636127472,0.0390170142,
1828.4062156677,0.0390080884,
1824.5488185883,0.0390003882,
1820.6914215088,0.03898298,
1816.8340244293,0.0389448702,
1812.9766273499,0.0388810076,
1809.1192302704,0.0387385637,
1805.2618331909,0.0384889692,
1801.4044361115,0.0381455496,
1797.547039032,0.0376960859,
1793.6896419525,0.037160825,
1789.832244873,0.036607679,
1785.9748477936,0.0360821113,
1782.1174507141,0.0355824605,
1778.2600536346,0.0350486189,
1774.4026565552,0.0344901979,
1770.5452594757,0.0339990258,
1766.6878623962,0.0336043462,
1762.8304653168,0.0332511701,
1758.9730682373,0.0327477604,
1755.1156711578,0.0319483392,
1751.2582740784,0.0309481211,
1747.4008769989,0.0299125016,
1743.5434799194,0.0290072262,
1739.68608284,0.0283153988,
1735.8286857605,0.0277714599,
1731.971288681,0.027388297,
1728.1138916016,0.0272700917,
1724.2564945221,0.0273258574,
1720.3990974426,0.0273214001,
1716.5417003632,0.027206149,
1712.6843032837,0.0271659866,
1708.8269062042,0.0274315216,
1704.9695091248,0.0280846152,
1701.1121120453,0.0290483497,
1697.2547149658,0.0301218443,
1693.3973178864,0.0310642421,
1689.5399208069,0.0318215936,
1685.6825237274,0.03241916,
1681.8251266479,0.0328131244,
1677.9677295685,0.0330586061,
1674.110332489,0.0332967304,
1670.2529354095,0.0335667431,
1666.3955383301,0.0337835476,
1662.5381412506,0.0338645279,
1658.6807441711,0.0338392183,
1654.8233470917,0.0338268094,
1650.9659500122,0.0338721126,
1647.1085529327,0.0339214094,
1643.2511558533,0.0339513011,
1639.3937587738,0.0339829437,
1635.5363616943,0.033999905,
1631.6789646149,0.0339033008,
1627.8215675354,0.0336607434,
1623.9641704559,0.0333737358,
1620.1067733765,0.0331183337,
1616.249376297,0.0328507163,
1612.3919792175,0.0324855186,
1608.5345821381,0.0320787914,
1604.6771850586,0.0318047144,
1600.8197879791,0.0317920633,
1596.9623908997,0.0320922323,
1593.1049938202,0.0327246636,
1589.2475967407,0.0337057821,
1585.3901996613,0.034951672,
1581.5328025818,0.0362161994,
1577.6754055023,0.0372945331,
1573.8180084229,0.0381880291,
1569.9606113434,0.0389582552,
1566.1032142639,0.0395898484,
1562.2458171844,0.0400348082,
1558.388420105,0.0403163061,
1554.5310230255,0.0405013934,
1550.673625946,0.0405856706,
1546.8162288666,0.0405757129,
1542.9588317871,0.0405735895,
1539.1014347076,0.0406532884,
1535.2440376282,0.0407466888,
1531.3866405487,0.0407884717,
1527.5292434692,0.0407843143,
1523.6718463898,0.0407279879,
1519.8144493103,0.0406441391,
1515.9570522308,0.0405612178,
1512.0996551514,0.0404760465,
1508.2422580719,0.0403831154,
1504.3848609924,0.0403170101,
1500.527463913,0.0400609896,
1496.6700668335,0.039784085,
1492.812669754,0.040402852,
1488.9552726746,0.0411064439,
1485.0978755951,0.0404144712,
1481.2404785156,0.0394003354,
1477.3830814362,0.03902293,
1473.5256843567,0.0385793298,
1469.6682872772,0.0379477367,
1465.8108901978,0.0374985784,
1461.9534931183,0.0372166894,
1458.0960960388,0.0369898938,
1454.2386989594,0.0369060673,
1450.3813018799,0.0370447598,
1446.5239048004,0.0373191126,
1442.6665077209,0.0375693254,
1438.8091106415,0.037705332,
1434.951713562,0.037829902,
1431.0943164825,0.0379389189,
1427.2369194031,0.0378883295,
1423.3795223236,0.0377267934,
1419.5221252441,0.0376619175,
1415.6647281647,0.0377530903,
1411.8073310852,0.0378101803,
1407.9499340057,0.0377068333,
1404.0925369263,0.0375151858,
1400.2351398468,0.0372898653,
1396.3777427673,0.0370039232,
1392.5203456879,0.0366980657,
1388.6629486084,0.0364352576,
1384.8055515289,0.0362190455,
1380.9481544495,0.0360994413,
1377.09075737,0.0361167118,
1373.2333602905,0.0362402722,
1369.3759632111,0.0364066064,
1365.5185661316,0.0365690254,
1361.6611690521,0.0367575809,
1357.8037719727,0.0369954556,
1353.9463748932,0.0372103155,
1350.0889778137,0.0373336077,
1346.2315807343,0.0373888165,
1342.3741836548,0.0373940207,
1338.5167865753,0.0373672955,
1334.6593894958,0.0373426527,
1330.8019924164,0.037284635,
1326.9445953369,0.0371669531,
1323.0871982574,0.0370236188,
1319.229801178,0.0368943475,
1315.3724040985,0.036780294,
1311.515007019,0.0366399214,
1307.6576099396,0.036470931,
1303.8002128601,0.0363417566,
1299.9428157806,0.0362294242,
1296.0854187012,0.0359767415,
1292.2280216217,0.0355935283,
1288.3706245422,0.0352470763,
1284.5132274628,0.0349356271,
1280.6558303833,0.0345797464,
1276.7984333038,0.0341779739,
1272.9410362244,0.0336768404,
1269.0836391449,0.0330603346,
1265.2262420654,0.0325217433,
1261.368844986,0.0322547778,
1257.5114479065,0.032216832,
1253.654050827,0.0322351605,
1249.7966537476,0.0322108045,
1245.9392566681,0.0321144909,
1242.0818595886,0.0319780856,
1238.2244625092,0.0319221318,
1234.3670654297,0.0319827944,
1230.5096683502,0.0320756808,
1226.6522712708,0.0321374387,
1222.7948741913,0.0321597904,
1218.9374771118,0.0321615636,
1215.0800800323,0.0321835689,
1211.2226829529,0.0323491581,
1207.3652858734,0.0326916724,
1203.5078887939,0.0330024734,
1199.6504917145,0.033172451,
1195.793094635,0.033331804,
1191.9356975555,0.0335955024,
1188.0783004761,0.0339184105,
1184.2209033966,0.0341474861,
1180.3635063171,0.0343522429,
1176.5061092377,0.0347614288,
1172.6487121582,0.0352472998,
1168.7913150787,0.0355400592,
1164.9339179993,0.0356656052,
1161.0765209198,0.0357786529,
1157.2191238403,0.0358835384,
1153.3617267609,0.035852544,
1149.5043296814,0.0357237607,
1145.6469326019,0.0356594399,
1141.7895355225,0.0356671512,
1137.932138443,0.0356983393,
1134.0747413635,0.0357276499,
1130.2173442841,0.035695605,
1126.3599472046,0.0355656892,
1122.5025501251,0.0353305191,
1118.6451530457,0.0349366814,
1114.7877559662,0.0343687832,
1110.9303588867,0.0337722823,
1107.0729618073,0.0333049968,
1103.2155647278,0.0329429656,
1099.3581676483,0.0325226374,
1095.5007705688,0.0320019685,
1091.6433734894,0.0315438434,
1087.7859764099,0.0312336907,
1083.9285793304,0.0309527069,
1080.071182251,0.0305735245,
1076.2137851715,0.0301750004,
1072.356388092,0.0299195871,
1068.4989910126,0.0297948569,
1064.6415939331,0.0297412165,
1060.7841968536,0.0297421422,
1056.9267997742,0.0297380574,
1053.0694026947,0.0297030676,
1049.2120056152,0.0296339169,
1045.3546085358,0.0295165405,
1041.4972114563,0.0293936245,
1037.6398143768,0.0293052029,
1033.7824172974,0.0292288046,
1029.9250202179,0.0291433614,
1026.0676231384,0.029065026,
1022.210226059,0.0290231258,
1018.3528289795,0.0290560517,
1014.4954319,0.0292249788,
1010.6380348206,0.0294497237,
1006.7806377411,0.0295150764,
1002.9232406616,0.029461734,
999.0658435822,0.0293343067,
995.2084465027,0.0290278532,
991.3510494232,0.0289075188,
987.4936523438,0.0292407274,
983.6362552643,0.0295886919,
979.7788581848,0.0296583772,
975.9214611053,0.0295452792,
972.0640640259,0.0293711424,
968.2066669464,0.029268723,
964.3492698669,0.0292496551,
960.4918727875,0.0291725956,
956.634475708,0.0289583802,
952.7770786285,0.0286437497,
948.9196815491,0.0282689258,
945.0622844696,0.027881898,
941.2048873901,0.0275699534,
937.3474903107,0.0273443107,
933.4900932312,0.0270581692,
929.6326961517,0.0266524479,
925.7752990723,0.0262610391,
921.9179019928,0.0258849971,
918.0605049133,0.0254282542,
914.2031078339,0.0248891786,
910.3457107544,0.0243337154,
906.4883136749,0.023888642,
902.6309165955,0.023556903,
898.773519516,0.0231876839,
894.9161224365,0.0227181986,
891.0587253571,0.0222217813,
887.2013282776,0.0217440464,
883.3439311981,0.0212485604,
879.4865341187,0.0207715407,
875.6291370392,0.0203725919,
871.7717399597,0.0199321564,
867.9143428802,0.0193715412,
864.0569458008,0.0188859869,
860.1995487213,0.0186083969,
856.3421516418,0.018390622,
852.4847545624,0.0180644244,
848.6273574829,0.0177017525,
844.7699604034,0.0174554512,
840.912563324,0.0172799136,
837.0551662445,0.0171517581,
833.197769165,0.0170948245,
829.3403720856,0.0169494916,
825.4829750061,0.0166194364,
821.6255779266,0.0162574388,
817.7681808472,0.016040422,
813.9107837677,0.0159157477,
810.0533866882,0.0156933777,
806.1959896088,0.0153960157,
802.3385925293,0.0153192636,
798.4811954498,0.0155169582,
794.6237983704,0.0156571195,
790.7664012909,0.0156806782,
786.9090042114,0.0157586224,
783.051607132,0.0157632157,
779.1942100525,0.0155992601,
775.336812973,0.0154801421,
771.4794158936,0.0154879969,
767.6220188141,0.0154896602,
763.7646217346,0.0154357366,
759.9072246552,0.0153539265,
756.0498275757,0.0152753182,
752.1924304962,0.0152030354,
748.3350334167,0.0151125714,
744.4776363373,0.0149934292,
740.6202392578,0.0148751354,
736.7628421783,0.0147806127,
732.9054450989,0.0146938544,
729.0480480194,0.0146168144,
725.1906509399,0.0144650806,
721.3332538605,0.0141658485,
717.475856781,0.0138852028,
713.6184597015,0.0137633998,
709.7610626221,0.0136618111,
705.9036655426,0.0135047594,
702.0462684631,0.0133045455,
698.1888713837,0.0129538001,
694.3314743042,0.0126117915,
690.4740772247,0.0124086458,
686.6166801453,0.0121710971,
682.7592830658,0.0118975081,
678.9018859863,0.0116832536,
675.0444889069,0.0115758888,
671.1870918274,0.0115196416,
667.3296947479,0.0113804862,
663.4722976685,0.011112852,
659.614900589,0.0107781943,
655.7575035095,0.0104654133,
651.9001064301,0.01020482,
648.0427093506,0.009985433,
644.1853122711,0.0097686509,
640.3279151917,0.0095943464,
636.4705181122,0.0094590997,
632.6131210327,0.0093071405,
628.7557239532,0.0091115516,
624.8983268738,0.0088828178,
621.0409297943,0.0087559372,
617.1835327148,0.0086905193,
613.3261356354,0.0085492991,
609.4687385559,0.00833188,
605.6113414764,0.0081522176,
601.753944397,0.008086618,
597.8965473175,0.0080359746,
594.039150238,0.0079044215,
590.1817531586,0.007659208,
586.3243560791,0.0074231364,
582.4669589996,0.0072398046,
578.6095619202,0.0070098704,
574.7521648407,0.0067222184,
570.8947677612,0.0064916895,
567.0373706818,0.0063877003,
563.1799736023,0.0063061821,
559.3225765228,0.0063203564,
555.4651794434,0.0063786092,
551.6077823639,0.0063370261,
547.7503852844,0.0063387216,
543.892988205,0.0064372197,
540.0355911255,0.0065233838,
536.178194046,0.0064943125,
532.3207969666,0.0064778314,
528.4633998871,0.0066221692,
524.6060028076,0.00691116,
520.7486057281,0.0070574596,
516.8912086487,0.0068970975,
513.0338115692,0.0066766264,
509.1764144897,0.0066885576,
505.3190174103,0.0070702573,
501.4616203308,0.0089915674,
497.6042232513,0.0126413405,
493.7468261719,0.0130689107,
489.8894290924,0.008708464,
486.0320320129,0.005579948,
482.1746349335,0.0050187279,
478.317237854,0.0047684638,
474.4598407745,0.0043305145,
470.6024436951,0.0038752602,
466.7450466156,0.0034897865,
462.8876495361,0.0031228233,
459.0302524567,0.0028096051,
455.1728553772,0.0026132707,
451.3154582977,0.002508817,
447.4580612183,0.0022144162,
443.6006641388,0.0017840819,
439.7432670593,0.0016002404,
435.8858699799,0.0015058466,
432.0284729004,0.0011929155,
428.1710758209,9.174784E-4,
424.3136787415,9.43834E-4,
420.456281662,0.001154796,
416.5988845825,0.0013001278,
412.7414875031,0.0013020559,
408.8840904236,0.0012261681,
405.0266933441,0.0011953242,
401.1692962646,0.0011736134,
397.3118991852,0.0011183429,
393.4545021057,9.566635E-4,
389.5971050262,7.547843E-4,
385.7397079468,5.995665E-4,
381.8823108673,5.371976E-4,
378.0249137878,5.862437E-4,
374.1675167084,5.566612E-4,
370.3101196289,4.114896E-4,
