reference.0,reference.0,
7494.9225254059,0.003005567,
7491.0651283264,0.0030213506,
7487.2077312469,0.003035696,
7483.3503341675,0.0030538444,
7479.492937088,0.0030607232,
7475.6355400085,0.0030723428,
7471.7781429291,0.0030953679,
7467.9207458496,0.0031051652,
7464.0633487701,0.0031195278,
7460.2059516907,0.0031339256,
7456.3485546112,0.0031495641,
7452.4911575317,0.0031637123,
7448.6337604523,0.0031750309,
7444.7763633728,0.0031918003,
7440.9189662933,0.0032085809,
7437.0615692139,0.0032193339,
7433.2041721344,0.0032283664,
7429.3467750549,0.0032461858,
7425.4893779755,0.0032570981,
7421.631980896,0.0032773758,
7417.7745838165,0.0032900306,
7413.9171867371,0.0033031129,
7410.0597896576,0.0033159773,
7406.2023925781,0.0033323043,
7402.3449954987,0.0033450483,
7398.4875984192,0.0033610207,
7394.6302013397,0.0033740038,
7390.7728042603,0.003392878,
7386.9154071808,0.0034075286,
7383.0580101013,0.0034143187,
7379.2006130219,0.0034351451,
7375.3432159424,0.0034471867,
7371.4858188629,0.0034630983,
7367.6284217834,0.0034789364,
7363.771024704,0.0034969682,
7359.9136276245,0.0035109972,
7356.056230545,0.0035237474,
7352.1988334656,0.0035411511,
7348.3414363861,0.0035465469,
7344.4840393066,0.0035706197,
7340.6266422272,0.0035772524,
7336.7692451477,0.0035951189,
7332.9118480682,0.0036081751,
7329.0544509888,0.0036270153,
7325.1970539093,0.0036427339,
7321.3396568298,0.0036600421,
7317.4822597504,0.0036755656,
7313.6248626709,0.0036909077,
7309.7674655914,0.0037052217,
7305.910068512,0.0037171259,
7302.0526714325,0.0037364543,
7298.195274353,0.0037490455,
7294.3378772736,0.003763556,
7290.4804801941,0.0037737796,
7286.6230831146,0.00379617,
7282.7656860352,0.0038101566,
7278.9082889557,0.0038277982,
7275.0508918762,0.003847016,
7271.1934947968,0.0038568429,
7267.3360977173,0.0038743843,
7263.4787006378,0.0038920962,
7259.6213035583,0.0039086784,
7255.7639064789,0.0039226501,
7251.9065093994,0.0039384868,
7248.0491123199,0.0039563384,
7244.1917152405,0.0039732023,
7240.334318161,0.0039860914,
7236.4769210815,0.004001407,
7232.6195240021,0.0040213633,
7228.7621269226,0.0040413705,
7224.9047298431,0.0040531973,
7221.0473327637,0.004071149,
7217.1899356842,0.00408627,
7213.3325386047,0.0040997677,
7209.4751415253,0.004121453,
7205.6177444458,0.0041356767,
7201.7603473663,0.0041480046,
7197.9029502869,0.0041696895,
7194.0455532074,0.0041855546,
7190.1881561279,0.0042066909,
7186.3307590485,0.0042155506,
7182.473361969,0.0042401832,
7178.6159648895,0.0042498601,
7174.7585678101,0.0042723194,
7170.9011707306,0.0042899074,
7167.0437736511,0.0043069916,
7163.1863765717,0.0043184459,
7159.3289794922,0.0043366714,
7155.4715824127,0.0043552448,
7151.6141853333,0.0043758955,
7147.7567882538,0.0043884953,
7143.8993911743,0.0044027921,
7140.0419940948,0.0044207517,
7136.1845970154,0.0044424329,
7132.3271999359,0.0044596051,
7128.4698028564,0.0044712843,
7124.612405777,0.0045009376,
7120.7550086975,0.0045133913,
7116.897611618,0.0045266016,
7113.0402145386,0.004548531,
7109.1828174591,0.0045667198,
7105.3254203796,0.0045827385,
7101.4680233002,0.0046044737,
7097.6106262207,0.0046182713,
7093.7532291412,0.0046365676,
7089.8958320618,0.0046599563,
7086.0384349823,0.0046671862,
7082.1810379028,0.0046911812,
7078.3236408234,0.0047088051,
7074.4662437439,0.0047291424,
7070.6088466644,0.0047463551,
7066.751449585,0.0047619203,
7062.8940525055,0.0047770422,
7059.036655426,0.0048007397,
7055.1792583466,0.0048204502,
7051.3218612671,0.0048386487,
7047.4644641876,0.0048601879,
7043.6070671082,0.0048779501,
7039.7496700287,0.004897112,
7035.8922729492,0.0049131,
7032.0348758698,0.0049313875,
7028.1774787903,0.0049517192,
7024.3200817108,0.0049685189,
7020.4626846313,0.0049910937,
7016.6052875519,0.0050078165,
7012.7478904724,0.0050233724,
7008.8904933929,0.0050462261,
7005.0330963135,0.0050610248,
7001.175699234,0.005078468,
6997.3183021545,0.0051064026,
6993.4609050751,0.0051226933,
6989.6035079956,0.0051399856,
6985.7461109161,0.0051644025,
6981.8887138367,0.0051786941,
6978.0313167572,0.0051950822,
6974.1739196777,0.0052241478,
6970.3165225983,0.005237502,
6966.4591255188,0.0052617658,
6962.6017284393,0.0052818889,
6958.7443313599,0.0052937632,
6954.8869342804,0.0053159897,
6951.0295372009,0.0053433171,
6947.1721401215,0.0053599086,
6943.314743042,0.005378243,
6939.4573459625,0.005398978,
6935.5999488831,0.0054175747,
6931.7425518036,0.0054411995,
6927.8851547241,0.0054601971,
6924.0277576447,0.0054785702,
6920.1703605652,0.0054981993,
6916.3129634857,0.0055185077,
6912.4555664063,0.0055387751,
6908.5981693268,0.0055585545,
6904.7407722473,0.005579567,
6900.8833751678,0.0055958321,
6897.0259780884,0.0056206835,
6893.1685810089,0.0056458111,
6889.3111839294,0.0056683989,
6885.45378685,0.0056802761,
6881.5963897705,0.0057007661,
6877.738992691,0.0057258224,
6873.8815956116,0.0057438333,
6870.0241985321,0.0057671024,
6866.1668014526,0.0057899603,
6862.3094043732,0.0058075627,
6858.4520072937,0.0058245221,
6854.5946102142,0.0058553568,
6850.7372131348,0.0058748471,
6846.8798160553,0.0058976617,
6843.0224189758,0.005918799,
6839.1650218964,0.0059384471,
6835.3076248169,0.0059628552,
6831.4502277374,0.0059790416,
6827.592830658,0.0059981658,
6823.7354335785,0.0060251215,
6819.878036499,0.0060467729,
6816.0206394196,0.0060689547,
6812.1632423401,0.0060906098,
6808.3058452606,0.0061081685,
6804.4484481812,0.0061372379,
6800.5910511017,0.0061574792,
6796.7336540222,0.006178115,
6792.8762569427,0.0061985441,
6789.0188598633,0.006224487,
6785.1614627838,0.006242889,
6781.3040657043,0.0062687658,
6777.4466686249,0.0062898188,
6773.5892715454,0.0063171154,
6769.7318744659,0.006335251,
6765.8744773865,0.0063592345,
6762.017080307,0.0063766968,
6758.1596832275,0.0063946629,
6754.3022861481,0.006426217,
6750.4448890686,0.0064490298,
6746.5874919891,0.0064688409,
6742.7300949097,0.0064882343,
6738.8726978302,0.0065154564,
6735.0153007507,0.0065428698,
6731.1579036713,0.0065652016,
6727.3005065918,0.0065898681,
6723.4431095123,0.0066090384,
6719.5857124329,0.0066303629,
6715.7283153534,0.0066566709,
6711.8709182739,0.0066809189,
6708.0135211945,0.0067019504,
6704.156124115,0.0067239869,
6700.2987270355,0.0067446749,
6696.4413299561,0.0067772297,
6692.5839328766,0.0067971079,
6688.7265357971,0.0068245567,
6684.8691387177,0.0068496331,
6681.0117416382,0.0068730637,
6677.1543445587,0.0068977699,
6673.2969474792,0.0069130231,
6669.4395503998,0.0069399038,
6665.5821533203,0.0069699036,
6661.7247562408,0.0069880513,
6657.8673591614,0.007012798,
6654.0099620819,0.0070379344,
6650.1525650024,0.0070575811,
6646.295167923,0.0070932498,
6642.4377708435,0.0071170037,
6638.580373764,0.0071363505,
6634.7229766846,0.0071570408,
6630.8655796051,0.0071881856,
6627.0081825256,0.0072106812,
6623.1507854462,0.0072381431,
6619.2933883667,0.0072602569,
6615.4359912872,0.0072834245,
6611.5785942078,0.0073125088,
6607.7211971283,0.0073375907,
6603.8638000488,0.0073650666,
6600.0064029694,0.0073871664,
6596.1490058899,0.0074185156,
6592.2916088104,0.0074358443,
6588.434211731,0.007463621,
6584.5768146515,0.0074967276,
6580.719417572,0.0075205192,
6576.8620204926,0.0075434409,
6573.0046234131,0.0075684339,
6569.1472263336,0.0075996867,
6565.2898292542,0.0076244837,
6561.4324321747,0.0076503209,
6557.5750350952,0.0076761292,
6553.7176380157,0.0077031269,
6549.8602409363,0.0077330582,
6546.0028438568,0.0077595478,
6542.1454467773,0.0077859382,
6538.2880496979,0.0078147314,
6534.4306526184,0.0078383861,
6530.5732555389,0.0078629553,
6526.7158584595,0.0078947637,
6522.85846138,0.0079202149,
6519.0010643005,0.0079406705,
6515.1436672211,0.0079704449,
6511.2862701416,0.0080023771,
6507.4288730621,0.0080292337,
6503.5714759827,0.008055374,
6499.7140789032,0.0080851745,
6495.8566818237,0.0081147105,
6491.9992847443,0.0081411432,
6488.1418876648,0.0081723845,
6484.2844905853,0.0081978329,
6480.4270935059,0.0082228864,
6476.5696964264,0.0082547218,
6472.7122993469,0.0082826223,
6468.8549022675,0.0083097368,
6464.997505188,0.0083407983,
6461.1401081085,0.00837248,
6457.2827110291,0.0083973557,
6453.4253139496,0.0084268562,
6449.5679168701,0.0084588937,
6445.7105197906,0.0084821563,
6441.8531227112,0.0085170735,
6437.9957256317,0.0085418411,
6434.1383285522,0.0085791163,
6430.2809314728,0.0086102393,
6426.4235343933,0.0086411536,
6422.5661373138,0.0086698234,
6418.7087402344,0.0086967647,
6414.8513431549,0.0087293237,
6410.9939460754,0.0087601999,
6407.136548996,0.0087931044,
6403.2791519165,0.0088180397,
6399.421754837,0.0088460948,
6395.5643577576,0.0088790804,
6391.7069606781,0.0089101475,
6387.8495635986,0.0089429533,
6383.9921665192,0.0089777168,
6380.1347694397,0.0090067582,
6376.2773723602,0.0090356423,
6372.4199752808,0.0090676248,
6368.5625782013,0.0091014225,
6364.7051811218,0.0091281328,
6360.8477840424,0.009164039,
6356.9903869629,0.0091949385,
6353.1329898834,0.0092298575,
6349.275592804,0.0092588915,
6345.4181957245,0.0092934817,
6341.560798645,0.0093260715,
6337.7034015656,0.0093598831,
6333.8460044861,0.0093916878,
6329.9886074066,0.0094285384,
6326.1312103271,0.0094606932,
6322.2738132477,0.0094930083,
6318.4164161682,0.009526086,
6314.5590190887,0.0095623862,
6310.7016220093,0.0095936917,
6306.8442249298,0.0096280444,
6302.9868278503,0.0096612787,
6299.1294307709,0.0096975733,
6295.2720336914,0.0097324401,
6291.4146366119,0.0097588915,
6287.5572395325,0.0097993696,
6283.699842453,0.0098317629,
6279.8424453735,0.0098698772,
6275.9850482941,0.0099027976,
6272.1276512146,0.0099429507,
6268.2702541351,0.0099756885,
6264.4128570557,0.0100049395,
6260.5554599762,0.0100420341,
6256.6980628967,0.0100841066,
6252.8406658173,0.0101169534,
6248.9832687378,0.0101523157,
6245.1258716583,0.0101937354,
6241.2684745789,0.0102241188,
6237.4110774994,0.0102590742,
6233.5536804199,0.0103004882,
6229.6962833405,0.0103361774,
6225.838886261,0.0103754764,
6221.9814891815,0.0104095079,
6218.1240921021,0.0104478449,
6214.2666950226,0.0104797231,
6210.4092979431,0.0105203642,
6206.5519008636,0.0105575994,
6202.6945037842,0.0105958264,
6198.8371067047,0.0106352419,
6194.9797096252,0.0106768217,
6191.1223125458,0.010709065,
6187.2649154663,0.0107484907,
6183.4075183868,0.0107874982,
6179.5501213074,0.010825539,
6175.6927242279,0.0108626951,
6171.8353271484,0.0109022446,
6167.977930069,0.0109414682,
6164.1205329895,0.0109780356,
6160.26313591,0.0110240532,
6156.4057388306,0.0110636298,
6152.5483417511,0.0110959187,
6148.6909446716,0.0111345127,
6144.8335475922,0.011177294,
6140.9761505127,0.0112142544,
6137.1187534332,0.0112543451,
6133.2613563538,0.011302188,
6129.4039592743,0.0113377953,
6125.5465621948,0.0113890916,
6121.6891651154,0.0114253024,
6117.8317680359,0.0114613846,
6113.9743709564,0.0115085412,
6110.116973877,0.0115451533,
6106.2595767975,0.0115868449,
6102.402179718,0.0116315298,
6098.5447826385,0.0116695017,
6094.6873855591,0.0117146354,
6090.8299884796,0.0117563512,
6086.9725914001,0.0117908269,
6083.1151943207,0.0118413707,
6079.2577972412,0.011878008,
6075.4004001617,0.011925282,
6071.5430030823,0.0119652171,
6067.6856060028,0.0120080374,
6063.8282089233,0.0120510226,
6059.9708118439,0.0120977387,
6056.1134147644,0.0121392654,
6052.2560176849,0.0121841785,
6048.3986206055,0.0122223096,
6044.541223526,0.0122740343,
6040.6838264465,0.0123137478,
6036.8264293671,0.0123583246,
6032.9690322876,0.0123983808,
6029.1116352081,0.0124541763,
6025.2542381287,0.0124954628,
6021.3968410492,0.0125400871,
6017.5394439697,0.0125820953,
6013.6820468903,0.0126276575,
6009.8246498108,0.0126671623,
6005.9672527313,0.0127136903,
6002.1098556519,0.0127609372,
5998.2524585724,0.0128052775,
5994.3950614929,0.0128543023,
5990.5376644135,0.0129019842,
5986.680267334,0.0129468394,
5982.8228702545,0.0129936393,
5978.965473175,0.0130399819,
5975.1080760956,0.0130835306,
5971.2506790161,0.0131303351,
5967.3932819366,0.0131850131,
5963.5358848572,0.0132221803,
5959.6784877777,0.0132728508,
5955.8210906982,0.013317124,
5951.9636936188,0.0133643076,
5948.1062965393,0.0134114884,
5944.2488994598,0.0134601966,
5940.3915023804,0.0135062719,
5936.5341053009,0.0135566145,
5932.6767082214,0.0136044435,
5928.819311142,0.0136500318,
5924.9619140625,0.0136980368,
5921.104516983,0.013752168,
5917.2471199036,0.0137960911,
5913.3897228241,0.0138466805,
5909.5323257446,0.0138923731,
5905.6749286652,0.0139421429,
5901.8175315857,0.0139954034,
5897.9601345062,0.0140457544,
5894.1027374268,0.0140996352,
5890.2453403473,0.0141434949,
5886.3879432678,0.0141949784,
5882.5305461884,0.0142488889,
5878.6731491089,0.0143003184,
5874.8157520294,0.014347339,
5870.95835495,0.0143978857,
5867.1009578705,0.0144545697,
5863.243560791,0.0145068299,
5859.3861637115,0.014555458,
5855.5287666321,0.0146084707,
5851.6713695526,0.0146564208,
5847.8139724731,0.0147123244,
5843.9565753937,0.0147670824,
5840.0991783142,0.0148126762,
5836.2417812347,0.0148683051,
5832.3843841553,0.0149268303,
5828.5269870758,0.0149751892,
5824.6695899963,0.0150355492,
5820.8121929169,0.0150840944,
5816.9547958374,0.0151373213,
5813.0973987579,0.0151969157,
5809.2400016785,0.0152432024,
5805.382604599,0.0152987866,
5801.5252075195,0.0153542645,
5797.6678104401,0.0154116647,
5793.8104133606,0.0154713094,
5789.9530162811,0.0155212637,
5786.0956192017,0.0155790169,
5782.2382221222,0.015634723,
5778.3808250427,0.0156908371,
5774.5234279633,0.0157442912,
5770.6660308838,0.0158027895,
5766.8086338043,0.0158571005,
5762.9512367249,0.0159146339,
5759.0938396454,0.0159650799,
5755.2364425659,0.0160177723,
5751.3790454865,0.0160838943,
5747.521648407,0.0161418412,
5743.6642513275,0.0162049457,
5739.806854248,0.0162541755,
5735.9494571686,0.0163117535,
5732.0920600891,0.0163712688,
5728.2346630096,0.0164267793,
5724.3772659302,0.0164855383,
5720.5198688507,0.0165465903,
5716.6624717712,0.0166022535,
5712.8050746918,0.0166588351,
5708.9476776123,0.0167226866,
5705.0902805328,0.0167835355,
5701.2328834534,0.0168356411,
5697.3754863739,0.016903894,
5693.5180892944,0.0169560201,
5689.660692215,0.0170189925,
5685.8032951355,0.0170773864,
5681.945898056,0.0171462223,
5678.0885009766,0.0172003433,
5674.2311038971,0.0172675718,
5670.3737068176,0.01733041,
5666.5163097382,0.0173864421,
5662.6589126587,0.0174494125,
5658.8015155792,0.0175119713,
5654.9441184998,0.0175735373,
5651.0867214203,0.0176329445,
5647.2293243408,0.0176959187,
5643.3719272614,0.0177557021,
5639.5145301819,0.0178223066,
5635.6571331024,0.0178897753,
5631.7997360229,0.0179484487,
5627.9423389435,0.0180059187,
5624.084941864,0.0180660933,
5620.2275447845,0.0181340836,
5616.3701477051,0.0181992222,
5612.5127506256,0.0182651598,
5608.6553535461,0.0183257032,
5604.7979564667,0.018390609,
5600.9405593872,0.0184532534,
5597.0831623077,0.0185191259,
5593.2257652283,0.0185775273,
5589.3683681488,0.0186407603,
5585.5109710693,0.0187176019,
5581.6535739899,0.0187783018,
5577.7961769104,0.0188474562,
5573.9387798309,0.0189056136,
5570.0813827515,0.018973982,
5566.223985672,0.0190380178,
5562.3665885925,0.0191046447,
5558.5091915131,0.0191746764,
5554.6517944336,0.01924254,
5550.7943973541,0.0193108693,
5546.9370002747,0.019379437,
5543.0796031952,0.0194423497,
5539.2222061157,0.0195116028,
5535.3648090363,0.0195741579,
5531.5074119568,0.0196447149,
5527.6500148773,0.0197193325,
5523.7926177979,0.019783929,
5519.9352207184,0.0198531542,
5516.0778236389,0.0199208315,
5512.2204265594,0.0199887045,
5508.36302948,0.020062428,
5504.5056324005,0.0201337896,
5500.648235321,0.0201989152,
5496.7908382416,0.0202710535,
5492.9334411621,0.0203364696,
5489.0760440826,0.020416338,
5485.2186470032,0.0204837006,
5481.3612499237,0.0205532089,
5477.5038528442,0.0206285194,
5473.6464557648,0.0206986684,
5469.7890586853,0.020770438,
5465.9316616058,0.0208422579,
5462.0742645264,0.0209166072,
5458.2168674469,0.020985283,
5454.3594703674,0.0210600793,
5450.502073288,0.0211347789,
5446.6446762085,0.021208901,
5442.787279129,0.0212813355,
5438.9298820496,0.0213579219,
5435.0724849701,0.0214253627,
5431.2150878906,0.0214975402,
5427.3576908112,0.0215735324,
5423.5002937317,0.02165474,
5419.6428966522,0.0217263252,
5415.7854995728,0.0218046494,
5411.9281024933,0.0218808278,
5408.0707054138,0.0219583809,
5404.2133083344,0.022028219,
5400.3559112549,0.0221103225,
5396.4985141754,0.0221816823,
5392.6411170959,0.0222544819,
5388.7837200165,0.0223308653,
5384.926322937,0.0224128906,
5381.0689258575,0.0224873405,
5377.2115287781,0.0225722119,
5373.3541316986,0.0226487033,
5369.4967346191,0.0227285773,
5365.6393375397,0.0228063576,
5361.7819404602,0.0228883736,
5357.9245433807,0.0229639299,
5354.0671463013,0.0230442248,
5350.2097492218,0.0231290534,
5346.3523521423,0.0232102592,
5342.4949550629,0.0232919902,
5338.6375579834,0.0233664308,
5334.7801609039,0.0234503783,
5330.9227638245,0.0235307887,
5327.065366745,0.0236079022,
5323.2079696655,0.0236934368,
5319.3505725861,0.0237776451,
5315.4931755066,0.0238566753,
5311.6357784271,0.0239412878,
5307.7783813477,0.0240182728,
5303.9209842682,0.0241067335,
5300.0635871887,0.0241910201,
5296.2061901093,0.0242768917,
5292.3487930298,0.0243650265,
5288.4913959503,0.0244455431,
5284.6339988708,0.0245247446,
5280.7766017914,0.0246139951,
5276.9192047119,0.0247020014,
5273.0618076324,0.0247884281,
5269.204410553,0.024874106,
5265.3470134735,0.024958916,
5261.489616394,0.0250473432,
5257.6322193146,0.0251346007,
5253.7748222351,0.0252151191,
5249.9174251556,0.0253080837,
5246.0600280762,0.0253984779,
5242.2026309967,0.0254833959,
5238.3452339172,0.025573846,
5234.4878368378,0.0256649107,
5230.6304397583,0.0257509258,
5226.7730426788,0.0258440934,
5222.9156455994,0.0259320587,
5219.0582485199,0.0260205306,
5215.2008514404,0.0261118468,
5211.343454361,0.026203528,
5207.4860572815,0.026292298,
5203.628660202,0.0263852105,
5199.7712631226,0.0264748894,
5195.9138660431,0.0265738312,
5192.0564689636,0.0266676117,
5188.1990718842,0.026758194,
5184.3416748047,0.0268479288,
5180.4842777252,0.0269392096,
5176.6268806458,0.0270450003,
5172.7694835663,0.0271373075,
5168.9120864868,0.0272333808,
5165.0546894073,0.027323354,
5161.1972923279,0.027416816,
5157.3398952484,0.0275162905,
5153.4824981689,0.0276141465,
5149.6251010895,0.0277069062,
5145.76770401,0.0278011207,
5141.9103069305,0.0279029179,
5138.0529098511,0.0280008502,
5134.1955127716,0.0280967262,
5130.3381156921,0.0281951241,
5126.4807186127,0.0282920301,
5122.6233215332,0.0283911489,
5118.7659244537,0.0284912512,
5114.9085273743,0.028592499,
5111.0511302948,0.0286917873,
5107.1937332153,0.0288013406,
5103.3363361359,0.0288960878,
5099.4789390564,0.0290006287,
5095.6215419769,0.0291031711,
5091.7641448975,0.0292061865,
5087.906747818,0.029307995,
5084.0493507385,0.0294132307,
5080.1919536591,0.0295106862,
5076.3345565796,0.0296174232,
5072.4771595001,0.0297199674,
5068.6197624207,0.0298230872,
5064.7623653412,0.029932946,
5060.9049682617,0.0300410576,
5057.0475711823,0.0301416889,
5053.1901741028,0.0302507579,
5049.3327770233,0.0303573683,
5045.4753799438,0.0304630511,
5041.6179828644,0.0305763632,
5037.7605857849,0.030685775,
5033.9031887054,0.0307895727,
5030.045791626,0.0308985449,
5026.1883945465,0.031003803,
5022.330997467,0.0311256312,
5018.4736003876,0.0312282909,
5014.6162033081,0.0313424021,
5010.7588062286,0.0314510167,
5006.9014091492,0.0315565504,
5003.0440120697,0.0316718668,
4999.1866149902,0.0317822509,
4995.3292179108,0.0318913758,
4991.4718208313,0.0320067778,
4987.6144237518,0.0321229175,
4983.7570266724,0.0322367698,
4979.8996295929,0.0323524326,
4976.0422325134,0.0324685723,
4972.184835434,0.0325788222,
4968.3274383545,0.0326971114,
4964.470041275,0.0328126624,
4960.6126441956,0.0329276249,
4956.7552471161,0.0330468565,
4952.8978500366,0.0331645012,
4949.0404529572,0.0332855135,
4945.1830558777,0.0334009565,
4941.3256587982,0.0335204527,
4937.4682617188,0.0336320773,
4933.6108646393,0.0337535813,
4929.7534675598,0.0338689499,
4925.8960704803,0.0339875594,
4922.0386734009,0.0341192037,
4918.1812763214,0.0342371315,
4914.3238792419,0.034360528,
4910.4664821625,0.0344781056,
4906.609085083,0.0345976688,
4902.7516880035,0.0347223505,
4898.8942909241,0.0348473489,
4895.0368938446,0.0349677652,
4891.1794967651,0.0350935906,
4887.3220996857,0.0352146514,
4883.4647026062,0.0353455469,
4879.6073055267,0.0354659259,
4875.7499084473,0.0355892479,
4871.8925113678,0.0357198827,
4868.0351142883,0.035840299,
4864.1777172089,0.0359657854,
4860.3203201294,0.036092259,
4856.4629230499,0.0362230204,
4852.6055259705,0.0363515392,
4848.748128891,0.0364758,
4844.8907318115,0.0366075635,
4841.0333347321,0.0367365479,
4837.1759376526,0.0368629731,
4833.3185405731,0.0369971842,
4829.4611434937,0.037118949,
4825.6037464142,0.0372541398,
4821.7463493347,0.0373796336,
4817.8889522552,0.0375212617,
4814.0315551758,0.0376483575,
4810.1741580963,0.0377807692,
4806.3167610168,0.0379098989,
4802.4593639374,0.038045615,
4798.6019668579,0.0381792374,
4794.7445697784,0.0383119658,
4790.887172699,0.0384456515,
4787.0297756195,0.0385875478,
4783.17237854,0.0387149304,
4779.3149814606,0.0388539955,
4775.4575843811,0.0389830545,
4771.6001873016,0.0391234383,
4767.7427902222,0.0392642356,
4763.8853931427,0.0394032151,
4760.0279960632,0.0395474248,
4756.1705989838,0.0396788716,
4752.3132019043,0.0398198441,
4748.4558048248,0.0399636403,
4744.5984077454,0.04009974,
4740.7410106659,0.0402369052,
4736.8836135864,0.0403818041,
4733.026216507,0.0405168235,
4729.1688194275,0.0406621508,
4725.311422348,0.0408021733,
4721.4540252686,0.0409458429,
4717.5966281891,0.0410873257,
4713.7392311096,0.0412284806,
4709.8818340302,0.0413689129,
4706.0244369507,0.0415221229,
4702.1670398712,0.0416603535,
4698.3096427917,0.0418102518,
4694.4522457123,0.0419532396,
4690.5948486328,0.0420919955,
4686.7374515533,0.0422356129,
4682.8800544739,0.0423912071,
4679.0226573944,0.0425344706,
4675.1652603149,0.0426820517,
4671.3078632355,0.042830728,
4667.450466156,0.0429812893,
4663.5930690765,0.0431263223,
4659.7356719971,0.0432781726,
4655.8782749176,0.0434327573,
4652.0208778381,0.0435770079,
4648.1634807587,0.0437321067,
4644.3060836792,0.0438859612,
4640.4486865997,0.0440332256,
4636.5912895203,0.0441882908,
4632.7338924408,0.044344604,
4628.8764953613,0.0444898158,
4625.0190982819,0.0446486473,
4621.1617012024,0.0448045172,
4617.3043041229,0.0449573696,
4613.4469070435,0.0451080874,
4609.589509964,0.0452641658,
4605.7321128845,0.0454193726,
4601.8747158051,0.045577053,
4598.0173187256,0.0457331762,
4594.1599216461,0.0458846763,
4590.3025245667,0.0460440367,
4586.4451274872,0.0461966917,
4582.5877304077,0.0463541076,
4578.7303333282,0.0465183519,
4574.8729362488,0.0466686338,
4571.0155391693,0.0468267538,
4567.1581420898,0.0469823778,
4563.3007450104,0.0471409634,
4559.4433479309,0.0473048612,
4555.5859508514,0.0474581793,
4551.728553772,0.0476213172,
4547.8711566925,0.0477843657,
4544.013759613,0.0479361191,
4540.1563625336,0.0481006578,
4536.2989654541,0.0482598692,
4532.4415683746,0.0484171212,
4528.5841712952,0.0485851839,
4524.7267742157,0.0487456694,
4520.8693771362,0.048913382,
4517.0119800568,0.0490700714,
4513.1545829773,0.0492344946,
4509.2971858978,0.0493942909,
4505.4397888184,0.0495560206,
4501.5823917389,0.0497168489,
4497.7249946594,0.0498770475,
4493.86759758,0.0500422157,
4490.0102005005,0.0502061024,
4486.152803421,0.0503729917,
4482.2954063416,0.0505292118,
4478.4380092621,0.050692901,
4474.5806121826,0.0508663654,
4470.7232151031,0.0510242879,
4466.8658180237,0.0511910059,
4463.0084209442,0.0513440743,
4459.1510238647,0.0515118763,
4455.2936267853,0.0516714379,
4451.4362297058,0.0518302843,
4447.5788326263,0.0519869663,
4443.7214355469,0.0521495342,
4439.8640384674,0.0523081236,
4436.0066413879,0.0524756834,
4432.1492443085,0.0526374616,
4428.291847229,0.0528107136,
4424.4344501495,0.0529741608,
4420.5770530701,0.0531446934,
4416.7196559906,0.0533130057,
4412.8622589111,0.0534868464,
4409.0048618317,0.0536528975,
4405.1474647522,0.053827785,
4401.2900676727,0.0540009663,
4397.4326705933,0.0541747175,
4393.5752735138,0.0543558523,
4389.7178764343,0.0545314178,
4385.8604793549,0.054700911,
4382.0030822754,0.0548825115,
4378.1456851959,0.0550541356,
4374.2882881165,0.0552289337,
4370.430891037,0.0553984717,
4366.5734939575,0.0555786341,
4362.7160968781,0.0557469949,
4358.8586997986,0.0559269339,
4355.0013027191,0.0560997725,
4351.1439056396,0.056284681,
4347.2865085602,0.0564654432,
4343.4291114807,0.0566434078,
4339.5717144012,0.0568344221,
4335.7143173218,0.0570186302,
4331.8569202423,0.0572089218,
4327.9995231628,0.0573953688,
4324.1421260834,0.0575903505,
4320.2847290039,0.0577792898,
4316.4273319244,0.0579681024,
4312.569934845,0.0581523627,
4308.7125377655,0.0583397746,
4304.855140686,0.0585240573,
4300.9977436066,0.0587166771,
4297.1403465271,0.0589047521,
4293.2829494476,0.0590872616,
4289.4255523682,0.0592772439,
4285.5681552887,0.059460599,
4281.7107582092,0.0596559197,
4277.8533611298,0.0598425791,
4273.9959640503,0.060017027,
4270.1385669708,0.0602025315,
4266.2811698914,0.0603864044,
4262.4237728119,0.0605738685,
4258.5663757324,0.0607548803,
4254.708978653,0.0609457307,
4250.8515815735,0.0611365214,
4246.994184494,0.0613305829,
4243.1367874146,0.0615223087,
4239.2793903351,0.0617133677,
4235.4219932556,0.061903052,
4231.5645961761,0.0620900095,
4227.7071990967,0.0622776374,
4223.8498020172,0.062465325,
4219.9924049377,0.0626537055,
4216.1350078583,0.062849462,
4212.2776107788,0.0630477741,
4208.4202136993,0.0632381439,
4204.5628166199,0.0634307265,
4200.7054195404,0.0636287183,
4196.8480224609,0.0638204515,
4192.9906253815,0.0640134513,
4189.133228302,0.0642108172,
4185.2758312225,0.0644031838,
4181.4184341431,0.064595595,
4177.5610370636,0.064793393,
4173.7036399841,0.0649834797,
4169.8462429047,0.0651730299,
4165.9888458252,0.0653807446,
4162.1314487457,0.0655755699,
4158.2740516663,0.0657697991,
4154.4166545868,0.065965116,
4150.5592575073,0.0661654174,
4146.7018604279,0.0663641617,
4142.8444633484,0.0665611178,
4138.9870662689,0.0667521507,
4135.1296691895,0.0669491589,
4131.27227211,0.0671499372,
4127.4148750305,0.0673449636,
4123.557477951,0.0675473809,
4119.7000808716,0.0677448362,
4115.8426837921,0.0679350719,
4111.9852867126,0.0681355745,
4108.1278896332,0.0683343858,
4104.2704925537,0.0685297698,
4100.4130954742,0.0687164813,
4096.5556983948,0.0689237863,
4092.6983013153,0.0691126287,
4088.8409042358,0.0693183839,
4084.9835071564,0.0695109814,
4081.1261100769,0.0697081983,
4077.2687129974,0.0699098557,
4073.411315918,0.0701082349,
4069.5539188385,0.0703096911,
4065.696521759,0.0705126524,
4061.8391246796,0.070724383,
4057.9817276001,0.0709323362,
4054.1243305206,0.0711297989,
4050.2669334412,0.0713263452,
4046.4095363617,0.0715392828,
4042.5521392822,0.0717360973,
4038.6947422028,0.0719354674,
4034.8373451233,0.0721484721,
4030.9799480438,0.0723496526,
4027.1225509644,0.0725529119,
4023.2651538849,0.0727644414,
4019.4077568054,0.0729608759,
4015.550359726,0.0731669515,
4011.6929626465,0.0733781978,
4007.835565567,0.0735866576,
4003.9781684875,0.0737933964,
4000.1207714081,0.0739992261,
3996.2633743286,0.074210763,
3992.4059772491,0.0744226873,
3988.5485801697,0.0746279955,
3984.6911830902,0.0748397335,
3980.8337860107,0.0750428885,
3976.9763889313,0.0752516538,
3973.1189918518,0.0754674897,
3969.2615947723,0.0756733865,
3965.4041976929,0.075890474,
3961.5468006134,0.0760965645,
3957.6894035339,0.0763143376,
3953.8320064545,0.0765201151,
3949.974609375,0.0767296553,
3946.1172122955,0.0769505873,
3942.2598152161,0.0771578327,
3938.4024181366,0.0773713142,
3934.5450210571,0.0775761008,
3930.6876239777,0.0777946934,
3926.8302268982,0.0780098289,
3922.9728298187,0.0782245547,
3919.1154327393,0.0784347057,
3915.2580356598,0.0786580145,
3911.4006385803,0.0788713247,
3907.5432415009,0.0790810958,
3903.6858444214,0.0792880133,
3899.8284473419,0.0794990808,
3895.9710502625,0.079734683,
3892.113653183,0.0799371675,
3888.2562561035,0.0801616013,
3884.398859024,0.0803710669,
3880.5414619446,0.0805844814,
3876.6840648651,0.0808141306,
3872.8266677856,0.0810290426,
3868.9692707062,0.0812332779,
3865.1118736267,0.0814517587,
3861.2544765472,0.0816826075,
3857.3970794678,0.081891112,
3853.5396823883,0.0820576847,
3849.6822853088,0.0823279917,
3845.8248882294,0.0825448483,
3841.9674911499,0.0827576146,
3838.1100940704,0.0829491317,
3834.252696991,0.0831970423,
3830.3952999115,0.0834118202,
3826.537902832,0.0836358517,
3822.6805057526,0.0838481784,
3818.8231086731,0.084076032,
3814.9657115936,0.0842818022,
3811.1083145142,0.0845143944,
3807.2509174347,0.0847117454,
3803.3935203552,0.0849526674,
3799.5361232758,0.0851717442,
3795.6787261963,0.0853915364,
3791.8213291168,0.0856131092,
3787.9639320374,0.0858336091,
3784.1065349579,0.0860513449,
3780.2491378784,0.0862643719,
3776.391740799,0.0864867344,
3772.5343437195,0.086705789,
3768.67694664,0.0869224966,
3764.8195495605,0.0871420354,
3760.9621524811,0.0873645023,
3757.1047554016,0.0875869021,
3753.2473583221,0.087776944,
3749.3899612427,0.0879985988,
3745.5325641632,0.0882005095,
3741.6751670837,0.0884705335,
3737.8177700043,0.0886701122,
3733.9603729248,0.0888978541,
3730.1029758453,0.0891310126,
3726.2455787659,0.0893420726,
3722.3881816864,0.089554891,
3718.5307846069,0.0897820294,
3714.6733875275,0.089996703,
3710.815990448,0.0901989117,
3706.9585933685,0.0904262215,
3703.1011962891,0.0906288773,
3699.2437992096,0.0908555835,
3695.3864021301,0.0910668224,
3691.5290050507,0.0912666023,
3687.6716079712,0.0914610177,
3683.8142108917,0.091690816,
3679.9568138123,0.0918890685,
3676.0994167328,0.0920385644,
3672.2420196533,0.0922576487,
3668.3846225739,0.0924616903,
3664.5272254944,0.0926634222,
3660.6698284149,0.0928501487,
3656.8124313354,0.0930189341,
3652.955034256,0.0931911319,
3649.0976371765,0.0933193862,
3645.240240097,0.0934937894,
3641.3828430176,0.0936715305,
3637.5254459381,0.0938342512,
3633.6680488586,0.0939917564,
3629.8106517792,0.094100073,
3625.9532546997,0.0942852572,
3622.0958576202,0.094416678,
3618.2384605408,0.0945307165,
3614.3810634613,0.0946549922,
3610.5236663818,0.0947618186,
3606.6662693024,0.0948672444,
3602.8088722229,0.0949759185,
3598.9514751434,0.0950653851,
3595.094078064,0.0951554924,
3591.2366809845,0.0952428281,
3587.379283905,0.0953099877,
3583.5218868256,0.0953923017,
3579.6644897461,0.0954586416,
3575.8070926666,0.0955167562,
3571.9496955872,0.0955659151,
3568.0922985077,0.0956050232,
3564.2349014282,0.0956654549,
3560.3775043488,0.0957119018,
3556.5201072693,0.0957455039,
3552.6627101898,0.0957698524,
3548.8053131104,0.0958088189,
3544.9479160309,0.0958429426,
3541.0905189514,0.0958688408,
3537.2331218719,0.0959097072,
3533.3757247925,0.0959403962,
3529.518327713,0.0959602296,
3525.6609306335,0.09598279,
3521.8035335541,0.0959848985,
3517.9461364746,0.0960263312,
3514.0887393951,0.0960834101,
3510.2313423157,0.0961477906,
3506.3739452362,0.096199438,
3502.5165481567,0.0962398946,
3498.6591510773,0.0962811634,
3494.8017539978,0.0963275805,
3490.9443569183,0.0963721424,
3487.0869598389,0.0964226276,
3483.2295627594,0.0964913294,
3479.3721656799,0.0965674818,
3475.5147686005,0.0966429561,
3471.657371521,0.0967346355,
3467.7999744415,0.0968289375,
3463.9425773621,0.096935384,
3460.0851802826,0.0970485955,
3456.2277832031,0.0971441418,
3452.3703861237,0.0972500667,
3448.5129890442,0.0973398536,
3444.6555919647,0.0974424332,
3440.7981948853,0.0975620821,
3436.9407978058,0.0977043062,
3433.0834007263,0.0978589132,
3429.2260036469,0.0980221778,
3425.3686065674,0.0981895924,
3421.5112094879,0.0983488262,
3417.6538124084,0.0984968767,
3413.796415329,0.0986279249,
3409.9390182495,0.0987463892,
3406.08162117,0.0988523066,
3402.2242240906,0.0989772305,
3398.3668270111,0.0991538167,
3394.5094299316,0.0993478224,
3390.6520328522,0.0995469987,
3386.7946357727,0.099722445,
3382.9372386932,0.0998935178,
3379.0798416138,0.1000560373,
3375.2224445343,0.1001969203,
3371.3650474548,0.1003436372,
3367.5076503754,0.1004936695,
3363.6502532959,0.1006325707,
3359.7928562164,0.1007700562,
3355.935459137,0.1009158939,
3352.0780620575,0.1010621488,
3348.220664978,0.1012039632,
3344.3632678986,0.1013565883,
3340.5058708191,0.1014992967,
3336.6484737396,0.1016393825,
3332.7910766602,0.1017865241,
3328.9336795807,0.1019371599,
3325.0762825012,0.102082625,
3321.2188854218,0.1022258848,
3317.3614883423,0.1023790836,
3313.5040912628,0.1025250033,
3309.6466941833,0.1026778966,
3305.7892971039,0.1028225943,
3301.9319000244,0.1029845104,
3298.0745029449,0.103137359,
3294.2171058655,0.1032978818,
3290.359708786,0.1034581214,
3286.5023117065,0.1036124378,
3282.6449146271,0.1037666127,
3278.7875175476,0.1039093658,
3274.9301204681,0.1040694863,
3271.0727233887,0.1042052433,
3267.2153263092,0.1043630838,
3263.3579292297,0.1045028567,
3259.5005321503,0.1046443284,
3255.6431350708,0.1047873273,
3251.7857379913,0.1049284786,
3247.9283409119,0.1050734818,
3244.0709438324,0.1052219123,
3240.2135467529,0.1053675413,
3236.3561496735,0.105517596,
3232.498752594,0.1056767106,
3228.6413555145,0.105854407,
3224.7839584351,0.1060172543,
3220.9265613556,0.106193319,
3217.0691642761,0.1063469127,
3213.2117671967,0.1064933836,
3209.3543701172,0.106634438,
3205.4969730377,0.1067737639,
3201.6395759583,0.1069148034,
3197.7821788788,0.1070624739,
3193.9247817993,0.1072173491,
3190.0673847198,0.1073686332,
3186.2099876404,0.1075302511,
3182.3525905609,0.1076948047,
3178.4951934814,0.1078542396,
3174.637796402,0.1080135331,
3170.7803993225,0.1081680506,
3166.923002243,0.1083254963,
3163.0656051636,0.1084879041,
3159.2082080841,0.1086450219,
3155.3508110046,0.1088114232,
3151.4934139252,0.1089870706,
3147.6360168457,0.1091548949,
3143.7786197662,0.109335348,
3139.9212226868,0.1095028818,
3136.0638256073,0.1096628457,
3132.2064285278,0.1098150387,
3128.3490314484,0.1099676341,
3124.4916343689,0.1101218611,
3120.6342372894,0.1102755666,
3116.77684021,0.1104205102,
3112.9194431305,0.1105762422,
3109.062046051,0.1107232571,
3105.2046489716,0.1108659953,
3101.3472518921,0.1109895632,
3097.4898548126,0.1111139655,
3093.6324577332,0.1112286448,
3089.7750606537,0.1113554835,
3085.9176635742,0.1114779264,
3082.0602664948,0.1116135642,
3078.2028694153,0.1117498577,
3074.3454723358,0.1118773669,
3070.4880752563,0.1120174229,
3066.6306781769,0.1121715456,
3062.7732810974,0.1123530865,
3058.9158840179,0.1125480533,
3055.0584869385,0.1127593666,
3051.201089859,0.1129426211,
3047.3436927795,0.113102451,
3043.4862957001,0.1132219583,
3039.6288986206,0.1133111864,
3035.7715015411,0.1133922338,
3031.9141044617,0.113458246,
3028.0567073822,0.1135145724,
3024.1993103027,0.113573432,
3020.3419132233,0.11356996,
3016.4845161438,0.1134739071,
3012.6271190643,0.1133119687,
3008.7697219849,0.1130254865,
3004.9123249054,0.1126054972,
3001.0549278259,0.1120344549,
2997.1975307465,0.1112952232,
2993.340133667,0.1103910878,
2989.4827365875,0.1093064696,
2985.6253395081,0.1079984903,
2981.7679424286,0.1065222323,
2977.9105453491,0.1048961505,
2974.0531482697,0.1030498743,
2970.1957511902,0.1009227335,
2966.3383541107,0.0989083201,
2962.4809570313,0.0979658365,
2958.6235599518,0.0983617753,
2954.7661628723,0.0995575562,
2950.9087657928,0.1006447896,
2947.0513687134,0.1009617001,
2943.1939716339,0.1004337966,
2939.3365745544,0.0993864387,
2935.479177475,0.0988293439,
2931.6217803955,0.0997135192,
2927.764383316,0.1011266112,
2923.9069862366,0.1029498205,
2920.0495891571,0.1049473733,
2916.1921920776,0.1067501307,
2912.3347949982,0.1082171202,
2908.4773979187,0.1094549894,
2904.6200008392,0.1105867848,
2900.7626037598,0.111708194,
2896.9052066803,0.1127699912,
2893.0478096008,0.1136921793,
2889.1904125214,0.1143232659,
2885.3330154419,0.1144987792,
2881.4756183624,0.1141377017,
2877.618221283,0.1134386659,
2873.7608242035,0.113020286,
2869.903427124,0.1132909805,
2866.0460300446,0.1138033867,
2862.1886329651,0.1143627763,
2858.3312358856,0.1151485294,
2854.4738388062,0.1163864583,
2850.6164417267,0.1181404889,
2846.7590446472,0.1199520528,
2842.9016475677,0.1214640588,
2839.0442504883,0.1225860566,
2835.1868534088,0.1233710945,
2831.3294563293,0.1239413619,
2827.4720592499,0.1244217753,
2823.6146621704,0.1248384267,
2819.7572650909,0.1252379417,
2815.8998680115,0.1256051958,
2812.042470932,0.1259412616,
2808.1850738525,0.1262638867,
2804.3276767731,0.1265751719,
2800.4702796936,0.1268821061,
2796.6128826141,0.1271812916,
2792.7554855347,0.1274948269,
2788.8980884552,0.1277957559,
2785.0406913757,0.1280992031,
2781.1832942963,0.1283760965,
2777.3258972168,0.1286523342,
2773.4685001373,0.1289071441,
2769.6111030579,0.1291415691,
2765.7537059784,0.1293835193,
2761.8963088989,0.1296143234,
2758.0389118195,0.1298263669,
2754.18151474,0.1300404966,
2750.3241176605,0.1302461922,
2746.4667205811,0.1304537058,
2742.6093235016,0.1306726635,
2738.7519264221,0.1308978498,
2734.8945293427,0.1311478913,
2731.0371322632,0.1314058453,
2727.1797351837,0.1316829175,
2723.3223381042,0.1319596022,
2719.4649410248,0.132216841,
2715.6075439453,0.1324863136,
2711.7501468658,0.1327433735,
2707.8927497864,0.1330115646,
2704.0353527069,0.1332654655,
2700.1779556274,0.1335288733,
2696.320558548,0.1337929517,
2692.4631614685,0.1340334415,
2688.605764389,0.1342763901,
2684.7483673096,0.1345212758,
2680.8909702301,0.1347596347,
2677.0335731506,0.1349862218,
2673.1761760712,0.135199964,
2669.3187789917,0.1354317963,
2665.4613819122,0.1356462985,
2661.6039848328,0.1358872354,
2657.7465877533,0.1361400932,
2653.8891906738,0.1363977194,
2650.0317935944,0.1366477758,
2646.1743965149,0.1368945092,
2642.3169994354,0.1371297538,
2638.459602356,0.1373599172,
2634.6022052765,0.1375971138,
2630.744808197,0.1378123164,
2626.8874111176,0.1380414069,
2623.0300140381,0.1382715553,
2619.1726169586,0.1384993792,
2615.3152198792,0.1387269497,
2611.4578227997,0.138959527,
2607.6004257202,0.1391893923,
2603.7430286407,0.1394327581,
2599.8856315613,0.1396775842,
2596.0282344818,0.1399237067,
2592.1708374023,0.1401759833,
2588.3134403229,0.1404381692,
2584.4560432434,0.1406982094,
2580.5986461639,0.140968591,
2576.7412490845,0.1412315816,
2572.883852005,0.1414948404,
2569.0264549255,0.1417606175,
2565.1690578461,0.1420204341,
2561.3116607666,0.142271772,
2557.4542636871,0.1425268054,
2553.5968666077,0.1427768022,
2549.7394695282,0.1430277526,
2545.8820724487,0.1432521194,
2542.0246753693,0.1434813291,
2538.1672782898,0.1437027454,
2534.3098812103,0.1439245939,
2530.4524841309,0.1441479474,
2526.5950870514,0.1443756521,
2522.7376899719,0.1445996761,
2518.8802928925,0.1448292285,
2515.022895813,0.145073086,
2511.1654987335,0.1452974975,
2507.3081016541,0.1455294192,
2503.4507045746,0.1457658261,
2499.5933074951,0.145996809,
2495.7359104156,0.1462280303,
2491.8785133362,0.1464628279,
2488.0211162567,0.1467153281,
2484.1637191772,0.1469694227,
2480.3063220978,0.1472208202,
2476.4489250183,0.1474703252,
2472.5915279388,0.1477225274,
2468.7341308594,0.1479850709,
2464.8767337799,0.1482451558,
2461.0193367004,0.1485030055,
2457.161939621,0.1487771422,
2453.3045425415,0.1490463614,
2449.447145462,0.1493224502,
2445.5897483826,0.1495932937,
2441.7323513031,0.1498685181,
2437.8749542236,0.1501344144,
2434.0175571442,0.1503998041,
2430.1601600647,0.1506612003,
2426.3027629852,0.1509135664,
2422.4453659058,0.1511775553,
2418.5879688263,0.1514453143,
2414.7305717468,0.1516978145,
2410.8731746674,0.15195252,
2407.0157775879,0.1522141844,
2403.1583805084,0.1524672508,
2399.300983429,0.152713269,
2395.4435863495,0.1529564857,
2391.58618927,0.1532232165,
2387.7287921906,0.1534919888,
2383.8713951111,0.1537499428,
2380.0139980316,0.1540056467,
2376.1566009521,0.1542513072,
2372.2992038727,0.1544808745,
2368.4418067932,0.1547140479,
2364.5844097137,0.1549503505,
2360.7270126343,0.1552222818,
2356.8696155548,0.1555218697,
2353.0122184753,0.1558531821,
2349.1548213959,0.1561789364,
2345.2974243164,0.1564072967,
2341.4400272369,0.1566551477,
2337.5826301575,0.1569264829,
2333.725233078,0.1572373956,
2329.8678359985,0.1575505137,
2326.0104389191,0.1578674763,
2322.1530418396,0.1581820846,
2318.2956447601,0.1585019529,
2314.4382476807,0.1588310599,
2310.5808506012,0.1591530144,
2306.7234535217,0.159474954,
2302.8660564423,0.1597834826,
2299.0086593628,0.1600857973,
2295.1512622833,0.1604050994,
2291.2938652039,0.1607224345,
2287.4364681244,0.1610299796,
2283.5790710449,0.1613247395,
2279.7216739655,0.1616349518,
2275.864276886,0.1619209051,
2272.0068798065,0.1622174084,
2268.1494827271,0.1625092924,
2264.2920856476,0.1627983153,
2260.4346885681,0.1630775034,
2256.5772914886,0.1633785069,
2252.7198944092,0.1636778861,
2248.8624973297,0.1639955193,
2245.0051002502,0.164324671,
2241.1477031708,0.1646680534,
2237.2903060913,0.1650310159,
2233.4329090118,0.1653849781,
2229.5755119324,0.1657275856,
2225.7181148529,0.1660744995,
2221.8607177734,0.1664032638,
2218.003320694,0.166711241,
2214.1459236145,0.1670224518,
2210.288526535,0.1673166752,
2206.4311294556,0.167613402,
2202.5737323761,0.1678988934,
2198.7163352966,0.1681792438,
2194.8589382172,0.1684682071,
2191.0015411377,0.1687332541,
2187.1441440582,0.1690097153,
2183.2867469788,0.169270575,
2179.4293498993,0.1695360541,
2175.5719528198,0.1698040813,
2171.7145557404,0.1700396389,
2167.8571586609,0.1702997386,
2163.9997615814,0.1705807596,
2160.142364502,0.1708228588,
2156.2849674225,0.1710621417,
2152.427570343,0.1712927669,
2148.5701732635,0.1714938581,
2144.7127761841,0.1713686138,
2140.8553791046,0.1719448119,
2136.9979820251,0.1722662151,
2133.1405849457,0.1724865139,
2129.2831878662,0.1727758646,
2125.4257907867,0.1730410457,
2121.5683937073,0.1732916087,
2117.7109966278,0.1735836864,
2113.8535995483,0.1738580763,
2109.9962024689,0.1741458774,
2106.1388053894,0.1744278073,
2102.2814083099,0.174721092,
2098.4240112305,0.1750394553,
2094.566614151,0.1753223836,
2090.7092170715,0.1756263822,
2086.8518199921,0.1759253144,
2082.9944229126,0.1762356162,
2079.1370258331,0.1765450537,
2075.2796287537,0.176840812,
2071.4222316742,0.1771289408,
2067.5648345947,0.1773250401,
2063.7074375153,0.1776732057,
2059.8500404358,0.1779892147,
2055.9926433563,0.1782944351,
2052.1352462769,0.1785864234,
2048.2778491974,0.178882122,
2044.4204521179,0.1791703403,
2040.5630550385,0.1794774979,
2036.705657959,0.1797615886,
2032.8482608795,0.1800393462,
2028.9908638,0.1802809834,
2025.1334667206,0.1805543602,
2021.2760696411,0.1808163077,
2017.4186725616,0.1810519844,
2013.5612754822,0.1813163459,
2009.7038784027,0.181568101,
2005.8464813232,0.1818260252,
2001.9890842438,0.182057023,
1998.1316871643,0.1822906733,
1994.2742900848,0.1825479716,
1990.4168930054,0.1827590019,
1986.5594959259,0.1829771996,
1982.7020988464,0.1831814349,
1978.844701767,0.1833856106,
1974.9873046875,0.1835931987,
1971.129907608,0.1838011444,
1967.2725105286,0.1840044111,
1963.4151134491,0.1842214614,
1959.5577163696,0.1843599379,
1955.7003192902,0.1846557856,
1951.8429222107,0.184887886,
1947.9855251312,0.1851129532,
1944.1281280518,0.1853394061,
1940.2707309723,0.1855767518,
1936.4133338928,0.185798347,
1932.5559368134,0.1860286295,
1928.6985397339,0.1862348467,
1924.8411426544,0.1864630431,
1920.983745575,0.1866558045,
1917.1263484955,0.186849162,
1913.268951416,0.1870464832,
1909.4115543365,0.1872520894,
1905.5541572571,0.1874409318,
1901.6967601776,0.1876176298,
1897.8393630981,0.1877878606,
1893.9819660187,0.1879621148,
1890.1245689392,0.1881027818,
1886.2671718597,0.1882630289,
1882.4097747803,0.1883981228,
1878.5523777008,0.188474834,
1874.6949806213,0.1885270774,
1870.8375835419,0.1885333359,
1866.9801864624,0.1885555685,
1863.1227893829,0.1885797828,
1859.2653923035,0.1885970533,
1855.407995224,0.188593775,
1851.5505981445,0.1885308623,
1847.6932010651,0.1884058863,
1843.8358039856,0.1883389056,
1839.9784069061,0.1885206252,
1836.1210098267,0.1886594594,
1832.2636127472,0.1886988878,
1828.4062156677,0.1886188686,
1824.5488185883,0.1884238869,
1820.6914215088,0.188105315,
1816.8340244293,0.1876384318,
1812.9766273499,0.1869632304,
1809.1192302704,0.1861006767,
1805.2618331909,0.184989512,
1801.4044361115,0.1835134923,
1797.547039032,0.1816148311,
1793.6896419525,0.1793247759,
1789.832244873,0.1768608689,
1785.9748477936,0.174260959,
1782.1174507141,0.1713281423,
1778.2600536346,0.1679623872,
1774.4026565552,0.1648262441,
1770.5452594757,0.1627240926,
1766.6878623962,0.1615846157,
1762.8304653168,0.1600731611,
1758.9730682373,0.1573039591,
1755.1156711578,0.1532556415,
1751.2582740784,0.1483988166,
1747.4008769989,0.1433870047,
1743.5434799194,0.1386332512,
1739.68608284,0.1346995533,
1735.8286857605,0.1321066171,
1731.971288681,0.1309763193,
1728.1138916016,0.1308758557,
1724.2564945221,0.1309400052,
1720.3990974426,0.1304776818,
1716.5417003632,0.1294645816,
1712.6843032837,0.1288148612,
1708.8269062042,0.1296085864,
1704.9695091248,0.1329012811,
1701.1121120453,0.1383442581,
1697.2547149658,0.1443998367,
1693.3973178864,0.1496256441,
1689.5399208069,0.1535903215,
1685.6825237274,0.1564767361,
1681.8251266479,0.1587626487,
1677.9677295685,0.1604867876,
1674.110332489,0.1619291306,
1670.2529354095,0.1631700397,
1666.3955383301,0.1642896235,
1662.5381412506,0.1650390327,
1658.6807441711,0.1654740572,
1654.8233470917,0.1657842994,
1650.9659500122,0.1665560901,
1647.1085529327,0.1674461663,
1643.2511558533,0.1684915721,
1639.3937587738,0.1693071574,
1635.5363616943,0.1699042618,
1631.6789646149,0.1703876257,
1627.8215675354,0.1706081927,
1623.9641704559,0.1705010831,
1620.1067733765,0.1701290607,
1616.249376297,0.169811815,
1612.3919792175,0.1694289148,
1608.5345821381,0.1688453853,
1604.6771850586,0.1689154059,
1600.8197879791,0.169684723,
1596.9623908997,0.1706804037,
1593.1049938202,0.1720695496,
1589.2475967407,0.1735832691,
1585.3901996613,0.1751228571,
1581.5328025818,0.1765143126,
1577.6754055023,0.1779175848,
1573.8180084229,0.1792776436,
1569.9606113434,0.1803387105,
1566.1032142639,0.1812743247,
1562.2458171844,0.1820273697,
1558.388420105,0.1825785339,
1554.5310230255,0.1831921339,
1550.673625946,0.1836034954,
1546.8162288666,0.183886975,
1542.9588317871,0.1840654612,
1539.1014347076,0.1843929887,
1535.2440376282,0.1849960685,
1531.3866405487,0.1854414344,
1527.5292434692,0.1857169569,
1523.6718463898,0.1858662665,
1519.8144493103,0.185785979,
1515.9570522308,0.1855255663,
1512.0996551514,0.1852120757,
1508.2422580719,0.1849981993,
1504.3848609924,0.1848524511,
1500.527463913,0.1843996197,
1496.6700668335,0.1839608252,
1492.812669754,0.1839091629,
1488.9552726746,0.1837330759,
1485.0978755951,0.1833749563,
1481.2404785156,0.1829850078,
1477.3830814362,0.1819725931,
1473.5256843567,0.1798593104,
1469.6682872772,0.1768417656,
1465.8108901978,0.1742050648,
1461.9534931183,0.1725648046,
1458.0960960388,0.171405524,
1454.2386989594,0.1712884605,
1450.3813018799,0.1721433401,
1446.5239048004,0.1735761464,
1442.6665077209,0.1751745343,
1438.8091106415,0.1763154566,
1434.951713562,0.1770842671,
1431.0943164825,0.1776112318,
1427.2369194031,0.1780152023,
1423.3795223236,0.1782799959,
1419.5221252441,0.1781700552,
1415.6647281647,0.1778866798,
1411.8073310852,0.1774807572,
1407.9499340057,0.1771202683,
1404.0925369263,0.1767054796,
1400.2351398468,0.1760734767,
1396.3777427673,0.1751577556,
1392.5203456879,0.1738863885,
1388.6629486084,0.1722072661,
1384.8055515289,0.1696369052,
1380.9481544495,0.1701442152,
1377.09075737,0.1711986959,
1373.2333602905,0.1719898582,
1369.3759632111,0.172191605,
1365.5185661316,0.1722842306,
1361.6611690521,0.1728361845,
1357.8037719727,0.1735621989,
1353.9463748932,0.174294576,
1350.0889778137,0.1749173403,
1346.2315807343,0.1755812764,
1342.3741836548,0.1760732532,
1338.5167865753,0.1763243973,
1334.6593894958,0.17652753,
1330.8019924164,0.1766608655,
1326.9445953369,0.1765411794,
1323.0871982574,0.1763000786,
1319.229801178,0.175929606,
1315.3724040985,0.1753358841,
1311.515007019,0.1745184511,
1307.6576099396,0.1736702323,
1303.8002128601,0.1728157401,
1299.9428157806,0.1719799638,
1296.0854187012,0.1710318029,
1292.2280216217,0.1698715985,
1288.3706245422,0.168591693,
1284.5132274628,0.1673015803,
1280.6558303833,0.1659065038,
1276.7984333038,0.1642127633,
1272.9410362244,0.1621329486,
1269.0836391449,0.1592106819,
1265.2262420654,0.1551261544,
1261.368844986,0.1528197527,
1257.5114479065,0.1537699848,
1253.654050827,0.1549956501,
1249.7966537476,0.1546990722,
1245.9392566681,0.1536852717,
1242.0818595886,0.1526549309,
1238.2244625092,0.1517247558,
1234.3670654297,0.1508647203,
1230.5096683502,0.150072217,
1226.6522712708,0.1493938714,
1222.7948741913,0.1487466395,
1218.9374771118,0.1480457485,
1215.0800800323,0.1473086029,
1211.2226829529,0.1465734839,
1207.3652858734,0.1457828879,
1203.5078887939,0.1449521482,
1199.6504917145,0.1440871656,
1195.793094635,0.1432871521,
1191.9356975555,0.1426124871,
1188.0783004761,0.1420649439,
1184.2209033966,0.141175285,
1180.3635063171,0.1386787295,
1176.5061092377,0.1402243376,
1172.6487121582,0.1405155659,
1168.7913150787,0.1403197944,
1164.9339179993,0.1399586946,
1161.0765209198,0.1396366656,
1157.2191238403,0.1391944885,
1153.3617267609,0.1384020448,
1149.5043296814,0.1374286264,
1145.6469326019,0.1366665214,
1141.7895355225,0.1361925453,
1137.932138443,0.1364507526,
1134.0747413635,0.1363843381,
1130.2173442841,0.1359803975,
1126.3599472046,0.1352067739,
1122.5025501251,0.1341074109,
1118.6451530457,0.1328054368,
1114.7877559662,0.1313110888,
1110.9303588867,0.129751265,
1107.0729618073,0.1282882094,
1103.2155647278,0.1270204782,
1099.3581676483,0.125967443,
1095.5007705688,0.1251117289,
1091.6433734894,0.1244205534,
1087.7859764099,0.1240720376,
1083.9285793304,0.1235644743,
1080.071182251,0.1222882569,
1076.2137851715,0.1217153221,
1072.356388092,0.1214993596,
1068.4989910126,0.1213250086,
1064.6415939331,0.1212864518,
1060.7841968536,0.1213646084,
1056.9267997742,0.1215370297,
1053.0694026947,0.1217656806,
1049.2120056152,0.1219339222,
1045.3546085358,0.1219993979,
1041.4972114563,0.1219503134,
1037.6398143768,0.1217324063,
1033.7824172974,0.1215399504,
1029.9250202179,0.1215749085,
1026.0676231384,0.1219571084,
1022.210226059,0.1224710196,
1018.3528289795,0.1230771095,
1014.4954319,0.1238489375,
1010.6380348206,0.1247685105,
1006.7806377411,0.1256542504,
1002.9232406616,0.1264151931,
999.0658435822,0.1270603389,
995.2084465027,0.1276655495,
991.3510494232,0.1282120794,
987.4936523438,0.1287459731,
983.6362552643,0.129178524,
979.7788581848,0.1293775737,
975.9214611053,0.1292901486,
972.0640640259,0.1291521937,
968.2066669464,0.1290105581,
964.3492698669,0.1285729706,
960.4918727875,0.1278161407,
956.634475708,0.1267025173,
952.7770786285,0.1252678335,
948.9196815491,0.1237123311,
945.0622844696,0.1222905964,
941.2048873901,0.1211624444,
937.3474903107,0.1202723533,
933.4900932312,0.119320333,
929.6326961517,0.118076399,
925.7752990723,0.116429247,
921.9179019928,0.1145177186,
918.0605049133,0.1124245375,
914.2031078339,0.1104050577,
910.3457107544,0.1084934771,
906.4883136749,0.10687536,
902.6309165955,0.1053017229,
898.773519516,0.1036147028,
894.9161224365,0.1017757654,
891.0587253571,0.0997960865,
887.2013282776,0.0977210402,
883.3439311981,0.0955701768,
879.4865341187,0.0933756083,
875.6291370392,0.0913605988,
871.7717399597,0.0895836726,
867.9143428802,0.0879538655,
864.0569458008,0.0864224434,
860.1995487213,0.0849649757,
856.3421516418,0.0835787058,
852.4847545624,0.0821555108,
848.6273574829,0.0809032544,
844.7699604034,0.0797820836,
840.912563324,0.0788318813,
837.0551662445,0.0779230595,
833.197769165,0.0770720094,
829.3403720856,0.0762626976,
825.4829750061,0.0751610026,
821.6255779266,0.0741865635,
817.7681808472,0.0733664855,
813.9107837677,0.0726445541,
810.0533866882,0.0718081668,
806.1959896088,0.0711626187,
802.3385925293,0.070888117,
798.4811954498,0.0710372925,
794.6237983704,0.0715466216,
790.7664012909,0.0721544921,
786.9090042114,0.0726466626,
783.051607132,0.0728478283,
779.1942100525,0.0729312748,
775.336812973,0.072994858,
771.4794158936,0.0730500072,
767.6220188141,0.0730351284,
763.7646217346,0.0729133114,
759.9072246552,0.0726608485,
756.0498275757,0.0723364279,
752.1924304962,0.0719112605,
748.3350334167,0.0714858323,
744.4776363373,0.0710208789,
740.6202392578,0.0705518797,
736.7628421783,0.0700585842,
732.9054450989,0.0694546252,
729.0480480194,0.0688761324,
725.1906509399,0.0682494491,
721.3332538605,0.0675865561,
717.475856781,0.0668391585,
713.6184597015,0.0660245195,
709.7610626221,0.0651244223,
705.9036655426,0.0642692074,
702.0462684631,0.0634157211,
698.1888713837,0.0624994785,
694.3314743042,0.0616369396,
690.4740772247,0.0608140305,
686.6166801453,0.0599509552,
682.7592830658,0.0590497665,
678.9018859863,0.0581256747,
675.0444889069,0.0571400635,
671.1870918274,0.0560989939,
667.3296947479,0.0550536029,
663.4722976685,0.0540745221,
659.614900589,0.0530558899,
655.7575035095,0.0520728901,
651.9001064301,0.0510966107,
648.0427093506,0.0501208641,
644.1853122711,0.0493550822,
640.3279151917,0.0486089848,
636.4705181122,0.0477679074,
632.6131210327,0.0469432138,
628.7557239532,0.0460273139,
624.8983268738,0.0452134609,
621.0409297943,0.0444415286,
617.1835327148,0.0437701903,
613.3261356354,0.0431303456,
609.4687385559,0.0426177159,
605.6113414764,0.0419948511,
601.753944397,0.041066736,
597.8965473175,0.0399788097,
594.039150238,0.0388589054,
590.1817531586,0.0377068631,
586.3243560791,0.0365928933,
582.4669589996,0.0355154909,
578.6095619202,0.0345005989,
574.7521648407,0.0336002335,
570.8947677612,0.0328875333,
567.0373706818,0.0324270055,
563.1799736023,0.0323357098,
559.3225765228,0.0326224081,
555.4651794434,0.0331949592,
551.6077823639,0.033908166,
547.7503852844,0.0346474648,
543.892988205,0.0353267118,
540.0355911255,0.0359573998,
536.178194046,0.0365409441,
532.3207969666,0.0370136276,
528.4633998871,0.0373566598,
524.6060028076,0.0375852659,
520.7486057281,0.0376367569,
516.8912086487,0.0375021286,
513.0338115692,0.0371891335,
509.1764144897,0.0367333628,
505.3190174103,0.0361432731,
501.4616203308,0.0355314463,
497.6042232513,0.0347912014,
493.7468261719,0.0338008702,
489.8894290924,0.0326340571,
486.0320320129,0.0314312428,
482.1746349335,0.0301302988,
478.317237854,0.0287769698,
474.4598407745,0.0274165943,
470.6024436951,0.0260631572,
466.7450466156,0.0246744715,
462.8876495361,0.0233408641,
459.0302524567,0.0219996665,
455.1728553772,0.0204934739,
451.3154582977,0.0189795606,
447.4580612183,0.0174472444,
443.6006641388,0.0159122497,
439.7432670593,0.0144034158,
435.8858699799,0.0130187478,
432.0284729004,0.0118095838,
428.1710758209,0.0107605662,
424.3136787415,0.0098982938,
420.456281662,0.0092840474,
416.5988845825,0.0087306574,
412.7414875031,0.0081721805,
408.8840904236,0.0075740786,
405.0266933441,0.0069350628,
401.1692962646,0.0062722256,
397.3118991852,0.0056777704,
393.4545021057,0.0050618164,
389.5971050262,0.0044688187,
385.7397079468,0.0039104661,
381.8823108673,0.0033889292,
378.0249137878,0.0028640316,
374.1675167084,0.002382834,
370.3101196289,0.0019236074,
